Tournament,Stage,Match Type,Match Name,Team,Action,Map
Champions Tour 2024: Masters Madrid,Swiss Stage,Round 1,Karmine Corp vs FunPlus Phoenix,FunPlus Phoenix,ban,Split
Champions Tour 2024: Masters Madrid,Swiss Stage,Round 1,Karmine Corp vs FunPlus Phoenix,Karmine Corp,ban,Breeze
Champions Tour 2024: Masters Madrid,Swiss Stage,Round 1,Karmine Corp vs FunPlus Phoenix,FunPlus Phoenix,pick,Icebox
Champions Tour 2024: Masters Madrid,Swiss Stage,Round 1,Karmine Corp vs FunPlus Phoenix,Karmine Corp,pick,Lotus
Champions Tour 2024: Masters Madrid,Swiss Stage,Round 1,Karmine Corp vs FunPlus Phoenix,FunPlus Phoenix,ban,Bind
Champions Tour 2024: Masters Madrid,Swiss Stage,Round 1,Karmine Corp vs FunPlus Phoenix,Karmine Corp,ban,Ascent
Champions Tour 2024: Masters Madrid,Swiss Stage,Round 1,Gen.G vs LOUD,LOUD,ban,Lotus
Champions Tour 2024: Masters Madrid,Swiss Stage,Round 1,Gen.G vs LOUD,Gen.G,ban,Sunset
Champions Tour 2024: Masters Madrid,Swiss Stage,Round 1,Gen.G vs LOUD,LOUD,pick,Icebox
Champions Tour 2024: Masters Madrid,Swiss Stage,Round 1,Gen.G vs LOUD,Gen.G,pick,Breeze
Champions Tour 2024: Masters Madrid,Swiss Stage,Round 1,Gen.G vs LOUD,LOUD,ban,Split
Champions Tour 2024: Masters Madrid,Swiss Stage,Round 1,Gen.G vs LOUD,Gen.G,ban,Bind
Champions Tour 2024: Masters Madrid,Swiss Stage,Round 1,EDward Gaming vs Paper Rex,Paper Rex,ban,Breeze
Champions Tour 2024: Masters Madrid,Swiss Stage,Round 1,EDward Gaming vs Paper Rex,EDward Gaming,ban,Lotus
Champions Tour 2024: Masters Madrid,Swiss Stage,Round 1,EDward Gaming vs Paper Rex,Paper Rex,pick,Sunset
Champions Tour 2024: Masters Madrid,Swiss Stage,Round 1,EDward Gaming vs Paper Rex,EDward Gaming,pick,Bind
Champions Tour 2024: Masters Madrid,Swiss Stage,Round 1,EDward Gaming vs Paper Rex,Paper Rex,ban,Icebox
Champions Tour 2024: Masters Madrid,Swiss Stage,Round 1,EDward Gaming vs Paper Rex,EDward Gaming,ban,Ascent
Champions Tour 2024: Masters Madrid,Swiss Stage,Round 1,Sentinels vs Team Heretics,Sentinels,ban,Breeze
Champions Tour 2024: Masters Madrid,Swiss Stage,Round 1,Sentinels vs Team Heretics,Team Heretics,ban,Ascent
Champions Tour 2024: Masters Madrid,Swiss Stage,Round 1,Sentinels vs Team Heretics,Sentinels,pick,Lotus
Champions Tour 2024: Masters Madrid,Swiss Stage,Round 1,Sentinels vs Team Heretics,Team Heretics,pick,Sunset
Champions Tour 2024: Masters Madrid,Swiss Stage,Round 1,Sentinels vs Team Heretics,Sentinels,ban,Icebox
Champions Tour 2024: Masters Madrid,Swiss Stage,Round 1,Sentinels vs Team Heretics,Team Heretics,ban,Split
Champions Tour 2024: Masters Madrid,Swiss Stage,Round 2,Sentinels vs Karmine Corp,Sentinels,ban,Icebox
Champions Tour 2024: Masters Madrid,Swiss Stage,Round 2,Sentinels vs Karmine Corp,Karmine Corp,ban,Sunset
Champions Tour 2024: Masters Madrid,Swiss Stage,Round 2,Sentinels vs Karmine Corp,Sentinels,pick,Split
Champions Tour 2024: Masters Madrid,Swiss Stage,Round 2,Sentinels vs Karmine Corp,Karmine Corp,pick,Lotus
Champions Tour 2024: Masters Madrid,Swiss Stage,Round 2,Sentinels vs Karmine Corp,Sentinels,ban,Ascent
Champions Tour 2024: Masters Madrid,Swiss Stage,Round 2,Sentinels vs Karmine Corp,Karmine Corp,ban,Breeze
Champions Tour 2024: Masters Madrid,Swiss Stage,Round 2,EDward Gaming vs Gen.G,Gen.G,ban,Bind
Champions Tour 2024: Masters Madrid,Swiss Stage,Round 2,EDward Gaming vs Gen.G,EDward Gaming,ban,Lotus
Champions Tour 2024: Masters Madrid,Swiss Stage,Round 2,EDward Gaming vs Gen.G,Gen.G,pick,Icebox
Champions Tour 2024: Masters Madrid,Swiss Stage,Round 2,EDward Gaming vs Gen.G,EDward Gaming,pick,Split
Champions Tour 2024: Masters Madrid,Swiss Stage,Round 2,EDward Gaming vs Gen.G,Gen.G,ban,Sunset
Champions Tour 2024: Masters Madrid,Swiss Stage,Round 2,EDward Gaming vs Gen.G,EDward Gaming,ban,Ascent
Champions Tour 2024: Masters Madrid,Swiss Stage,Round 2,FunPlus Phoenix vs LOUD,LOUD,ban,Lotus
Champions Tour 2024: Masters Madrid,Swiss Stage,Round 2,FunPlus Phoenix vs LOUD,FunPlus Phoenix,ban,Split
Champions Tour 2024: Masters Madrid,Swiss Stage,Round 2,FunPlus Phoenix vs LOUD,LOUD,pick,Sunset
Champions Tour 2024: Masters Madrid,Swiss Stage,Round 2,FunPlus Phoenix vs LOUD,FunPlus Phoenix,pick,Breeze
Champions Tour 2024: Masters Madrid,Swiss Stage,Round 2,FunPlus Phoenix vs LOUD,LOUD,ban,Bind
Champions Tour 2024: Masters Madrid,Swiss Stage,Round 2,FunPlus Phoenix vs LOUD,FunPlus Phoenix,ban,Ascent
Champions Tour 2024: Masters Madrid,Swiss Stage,Round 2,Team Heretics vs Paper Rex,Paper Rex,ban,Breeze
Champions Tour 2024: Masters Madrid,Swiss Stage,Round 2,Team Heretics vs Paper Rex,Team Heretics,ban,Ascent
Champions Tour 2024: Masters Madrid,Swiss Stage,Round 2,Team Heretics vs Paper Rex,Paper Rex,pick,Sunset
Champions Tour 2024: Masters Madrid,Swiss Stage,Round 2,Team Heretics vs Paper Rex,Team Heretics,pick,Lotus
Champions Tour 2024: Masters Madrid,Swiss Stage,Round 2,Team Heretics vs Paper Rex,Paper Rex,ban,Icebox
Champions Tour 2024: Masters Madrid,Swiss Stage,Round 2,Team Heretics vs Paper Rex,Team Heretics,ban,Bind
Champions Tour 2024: Masters Madrid,Swiss Stage,Round 3,LOUD vs EDward Gaming,EDward Gaming,ban,Ascent
Champions Tour 2024: Masters Madrid,Swiss Stage,Round 3,LOUD vs EDward Gaming,LOUD,ban,Split
Champions Tour 2024: Masters Madrid,Swiss Stage,Round 3,LOUD vs EDward Gaming,EDward Gaming,pick,Icebox
Champions Tour 2024: Masters Madrid,Swiss Stage,Round 3,LOUD vs EDward Gaming,LOUD,pick,Sunset
Champions Tour 2024: Masters Madrid,Swiss Stage,Round 3,LOUD vs EDward Gaming,EDward Gaming,ban,Lotus
Champions Tour 2024: Masters Madrid,Swiss Stage,Round 3,LOUD vs EDward Gaming,LOUD,ban,Bind
Champions Tour 2024: Masters Madrid,Swiss Stage,Round 3,Karmine Corp vs Paper Rex,Paper Rex,ban,Icebox
Champions Tour 2024: Masters Madrid,Swiss Stage,Round 3,Karmine Corp vs Paper Rex,Karmine Corp,ban,Sunset
Champions Tour 2024: Masters Madrid,Swiss Stage,Round 3,Karmine Corp vs Paper Rex,Paper Rex,pick,Bind
Champions Tour 2024: Masters Madrid,Swiss Stage,Round 3,Karmine Corp vs Paper Rex,Karmine Corp,pick,Lotus
Champions Tour 2024: Masters Madrid,Swiss Stage,Round 3,Karmine Corp vs Paper Rex,Paper Rex,ban,Split
Champions Tour 2024: Masters Madrid,Swiss Stage,Round 3,Karmine Corp vs Paper Rex,Karmine Corp,ban,Breeze
Champions Tour 2024: Masters Madrid,Playoffs,Upper Semifinals,Gen.G vs Paper Rex,Paper Rex,ban,Icebox
Champions Tour 2024: Masters Madrid,Playoffs,Upper Semifinals,Gen.G vs Paper Rex,Gen.G,ban,Sunset
Champions Tour 2024: Masters Madrid,Playoffs,Upper Semifinals,Gen.G vs Paper Rex,Paper Rex,pick,Split
Champions Tour 2024: Masters Madrid,Playoffs,Upper Semifinals,Gen.G vs Paper Rex,Gen.G,pick,Lotus
Champions Tour 2024: Masters Madrid,Playoffs,Upper Semifinals,Gen.G vs Paper Rex,Paper Rex,ban,Breeze
Champions Tour 2024: Masters Madrid,Playoffs,Upper Semifinals,Gen.G vs Paper Rex,Gen.G,ban,Bind
Champions Tour 2024: Masters Madrid,Playoffs,Upper Semifinals,Sentinels vs LOUD,Sentinels,ban,Breeze
Champions Tour 2024: Masters Madrid,Playoffs,Upper Semifinals,Sentinels vs LOUD,LOUD,ban,Lotus
Champions Tour 2024: Masters Madrid,Playoffs,Upper Semifinals,Sentinels vs LOUD,Sentinels,pick,Split
Champions Tour 2024: Masters Madrid,Playoffs,Upper Semifinals,Sentinels vs LOUD,LOUD,pick,Icebox
Champions Tour 2024: Masters Madrid,Playoffs,Upper Semifinals,Sentinels vs LOUD,Sentinels,ban,Ascent
Champions Tour 2024: Masters Madrid,Playoffs,Upper Semifinals,Sentinels vs LOUD,LOUD,ban,Bind
Champions Tour 2024: Masters Madrid,Playoffs,Upper Final,Gen.G vs Sentinels,Sentinels,ban,Icebox
Champions Tour 2024: Masters Madrid,Playoffs,Upper Final,Gen.G vs Sentinels,Gen.G,ban,Sunset
Champions Tour 2024: Masters Madrid,Playoffs,Upper Final,Gen.G vs Sentinels,Sentinels,pick,Split
Champions Tour 2024: Masters Madrid,Playoffs,Upper Final,Gen.G vs Sentinels,Gen.G,pick,Lotus
Champions Tour 2024: Masters Madrid,Playoffs,Upper Final,Gen.G vs Sentinels,Sentinels,ban,Ascent
Champions Tour 2024: Masters Madrid,Playoffs,Upper Final,Gen.G vs Sentinels,Gen.G,ban,Bind
Champions Tour 2024: Masters Madrid,Playoffs,Lower Round 1,Paper Rex vs LOUD,LOUD,ban,Split
Champions Tour 2024: Masters Madrid,Playoffs,Lower Round 1,Paper Rex vs LOUD,Paper Rex,ban,Icebox
Champions Tour 2024: Masters Madrid,Playoffs,Lower Round 1,Paper Rex vs LOUD,LOUD,pick,Ascent
Champions Tour 2024: Masters Madrid,Playoffs,Lower Round 1,Paper Rex vs LOUD,Paper Rex,pick,Sunset
Champions Tour 2024: Masters Madrid,Playoffs,Lower Round 1,Paper Rex vs LOUD,LOUD,ban,Lotus
Champions Tour 2024: Masters Madrid,Playoffs,Lower Round 1,Paper Rex vs LOUD,Paper Rex,ban,Breeze
Champions Tour 2024: Masters Madrid,Playoffs,Lower Final,Sentinels vs Paper Rex,Sentinels,ban,Breeze
Champions Tour 2024: Masters Madrid,Playoffs,Lower Final,Sentinels vs Paper Rex,Paper Rex,ban,Icebox
Champions Tour 2024: Masters Madrid,Playoffs,Lower Final,Sentinels vs Paper Rex,Sentinels,pick,Lotus
Champions Tour 2024: Masters Madrid,Playoffs,Lower Final,Sentinels vs Paper Rex,Paper Rex,pick,Ascent
Champions Tour 2024: Masters Madrid,Playoffs,Lower Final,Sentinels vs Paper Rex,Sentinels,pick,Split
Champions Tour 2024: Masters Madrid,Playoffs,Lower Final,Sentinels vs Paper Rex,Paper Rex,pick,Sunset
Champions Tour 2024: Masters Madrid,Playoffs,Grand Final,Gen.G vs Sentinels,Gen.G,ban,Lotus
Champions Tour 2024: Masters Madrid,Playoffs,Grand Final,Gen.G vs Sentinels,Gen.G,ban,Sunset
Champions Tour 2024: Masters Madrid,Playoffs,Grand Final,Gen.G vs Sentinels,Gen.G,pick,Breeze
Champions Tour 2024: Masters Madrid,Playoffs,Grand Final,Gen.G vs Sentinels,Sentinels,pick,Bind
Champions Tour 2024: Masters Madrid,Playoffs,Grand Final,Gen.G vs Sentinels,Gen.G,pick,Ascent
Champions Tour 2024: Masters Madrid,Playoffs,Grand Final,Gen.G vs Sentinels,Sentinels,pick,Split
Champions Tour 2024: Americas Kickoff,Group Stage,Opening (A),NRG Esports vs FURIA,FURIA,ban,Sunset
Champions Tour 2024: Americas Kickoff,Group Stage,Opening (A),NRG Esports vs FURIA,NRG Esports,ban,Bind
Champions Tour 2024: Americas Kickoff,Group Stage,Opening (A),NRG Esports vs FURIA,FURIA,pick,Breeze
Champions Tour 2024: Americas Kickoff,Group Stage,Opening (A),NRG Esports vs FURIA,NRG Esports,pick,Ascent
Champions Tour 2024: Americas Kickoff,Group Stage,Opening (A),NRG Esports vs FURIA,FURIA,ban,Lotus
Champions Tour 2024: Americas Kickoff,Group Stage,Opening (A),NRG Esports vs FURIA,NRG Esports,ban,Icebox
Champions Tour 2024: Americas Kickoff,Group Stage,Opening (A),Cloud9 vs MIBR,Cloud9,ban,Ascent
Champions Tour 2024: Americas Kickoff,Group Stage,Opening (A),Cloud9 vs MIBR,MIBR,ban,Icebox
Champions Tour 2024: Americas Kickoff,Group Stage,Opening (A),Cloud9 vs MIBR,Cloud9,pick,Bind
Champions Tour 2024: Americas Kickoff,Group Stage,Opening (A),Cloud9 vs MIBR,MIBR,pick,Split
Champions Tour 2024: Americas Kickoff,Group Stage,Opening (A),Cloud9 vs MIBR,Cloud9,ban,Breeze
Champions Tour 2024: Americas Kickoff,Group Stage,Opening (A),Cloud9 vs MIBR,MIBR,ban,Sunset
Champions Tour 2024: Americas Kickoff,Group Stage,Opening (B),LOUD vs Sentinels,Sentinels,ban,Icebox
Champions Tour 2024: Americas Kickoff,Group Stage,Opening (B),LOUD vs Sentinels,LOUD,ban,Breeze
Champions Tour 2024: Americas Kickoff,Group Stage,Opening (B),LOUD vs Sentinels,Sentinels,pick,Split
Champions Tour 2024: Americas Kickoff,Group Stage,Opening (B),LOUD vs Sentinels,LOUD,pick,Ascent
Champions Tour 2024: Americas Kickoff,Group Stage,Opening (B),LOUD vs Sentinels,Sentinels,ban,Lotus
Champions Tour 2024: Americas Kickoff,Group Stage,Opening (B),LOUD vs Sentinels,LOUD,ban,Bind
Champions Tour 2024: Americas Kickoff,Group Stage,Opening (B),Leviatán vs 100 Thieves,100 Thieves,ban,Breeze
Champions Tour 2024: Americas Kickoff,Group Stage,Opening (B),Leviatán vs 100 Thieves,Leviatán,ban,Lotus
Champions Tour 2024: Americas Kickoff,Group Stage,Opening (B),Leviatán vs 100 Thieves,100 Thieves,pick,Bind
Champions Tour 2024: Americas Kickoff,Group Stage,Opening (B),Leviatán vs 100 Thieves,Leviatán,pick,Split
Champions Tour 2024: Americas Kickoff,Group Stage,Opening (B),Leviatán vs 100 Thieves,100 Thieves,ban,Sunset
Champions Tour 2024: Americas Kickoff,Group Stage,Opening (B),Leviatán vs 100 Thieves,Leviatán,ban,Ascent
Champions Tour 2024: Americas Kickoff,Group Stage,Opening (C),KRÜ Esports vs G2 Esports,G2 Esports,ban,Lotus
Champions Tour 2024: Americas Kickoff,Group Stage,Opening (C),KRÜ Esports vs G2 Esports,KRÜ Esports,ban,Bind
Champions Tour 2024: Americas Kickoff,Group Stage,Opening (C),KRÜ Esports vs G2 Esports,G2 Esports,pick,Icebox
Champions Tour 2024: Americas Kickoff,Group Stage,Opening (C),KRÜ Esports vs G2 Esports,KRÜ Esports,pick,Sunset
Champions Tour 2024: Americas Kickoff,Group Stage,Opening (C),KRÜ Esports vs G2 Esports,G2 Esports,ban,Split
Champions Tour 2024: Americas Kickoff,Group Stage,Opening (C),KRÜ Esports vs G2 Esports,KRÜ Esports,ban,Breeze
Champions Tour 2024: Americas Kickoff,Group Stage,Elimination (A),FURIA vs MIBR,MIBR,ban,Icebox
Champions Tour 2024: Americas Kickoff,Group Stage,Elimination (A),FURIA vs MIBR,FURIA,ban,Ascent
Champions Tour 2024: Americas Kickoff,Group Stage,Elimination (A),FURIA vs MIBR,MIBR,pick,Split
Champions Tour 2024: Americas Kickoff,Group Stage,Elimination (A),FURIA vs MIBR,FURIA,pick,Breeze
Champions Tour 2024: Americas Kickoff,Group Stage,Elimination (A),FURIA vs MIBR,MIBR,ban,Bind
Champions Tour 2024: Americas Kickoff,Group Stage,Elimination (A),FURIA vs MIBR,FURIA,ban,Sunset
Champions Tour 2024: Americas Kickoff,Group Stage,Elimination (B),Sentinels vs 100 Thieves,100 Thieves,ban,Sunset
Champions Tour 2024: Americas Kickoff,Group Stage,Elimination (B),Sentinels vs 100 Thieves,Sentinels,ban,Icebox
Champions Tour 2024: Americas Kickoff,Group Stage,Elimination (B),Sentinels vs 100 Thieves,100 Thieves,pick,Lotus
Champions Tour 2024: Americas Kickoff,Group Stage,Elimination (B),Sentinels vs 100 Thieves,Sentinels,pick,Bind
Champions Tour 2024: Americas Kickoff,Group Stage,Elimination (B),Sentinels vs 100 Thieves,100 Thieves,ban,Breeze
Champions Tour 2024: Americas Kickoff,Group Stage,Elimination (B),Sentinels vs 100 Thieves,Sentinels,ban,Ascent
Champions Tour 2024: Americas Kickoff,Group Stage,Winner's (A),NRG Esports vs Cloud9,Cloud9,ban,Split
Champions Tour 2024: Americas Kickoff,Group Stage,Winner's (A),NRG Esports vs Cloud9,NRG Esports,ban,Bind
Champions Tour 2024: Americas Kickoff,Group Stage,Winner's (A),NRG Esports vs Cloud9,Cloud9,pick,Sunset
Champions Tour 2024: Americas Kickoff,Group Stage,Winner's (A),NRG Esports vs Cloud9,NRG Esports,pick,Ascent
Champions Tour 2024: Americas Kickoff,Group Stage,Winner's (A),NRG Esports vs Cloud9,Cloud9,ban,Breeze
Champions Tour 2024: Americas Kickoff,Group Stage,Winner's (A),NRG Esports vs Cloud9,NRG Esports,ban,Icebox
Champions Tour 2024: Americas Kickoff,Group Stage,Winner's (B),LOUD vs Leviatán,Leviatán,ban,Sunset
Champions Tour 2024: Americas Kickoff,Group Stage,Winner's (B),LOUD vs Leviatán,LOUD,ban,Breeze
Champions Tour 2024: Americas Kickoff,Group Stage,Winner's (B),LOUD vs Leviatán,Leviatán,pick,Bind
Champions Tour 2024: Americas Kickoff,Group Stage,Winner's (B),LOUD vs Leviatán,LOUD,pick,Split
Champions Tour 2024: Americas Kickoff,Group Stage,Winner's (B),LOUD vs Leviatán,Leviatán,ban,Lotus
Champions Tour 2024: Americas Kickoff,Group Stage,Winner's (B),LOUD vs Leviatán,LOUD,ban,Icebox
Champions Tour 2024: Americas Kickoff,Group Stage,Winner's (C),G2 Esports vs Evil Geniuses,G2 Esports,ban,Lotus
Champions Tour 2024: Americas Kickoff,Group Stage,Winner's (C),G2 Esports vs Evil Geniuses,Evil Geniuses,ban,Bind
Champions Tour 2024: Americas Kickoff,Group Stage,Winner's (C),G2 Esports vs Evil Geniuses,G2 Esports,pick,Sunset
Champions Tour 2024: Americas Kickoff,Group Stage,Winner's (C),G2 Esports vs Evil Geniuses,Evil Geniuses,pick,Icebox
Champions Tour 2024: Americas Kickoff,Group Stage,Winner's (C),G2 Esports vs Evil Geniuses,G2 Esports,ban,Breeze
Champions Tour 2024: Americas Kickoff,Group Stage,Winner's (C),G2 Esports vs Evil Geniuses,Evil Geniuses,ban,Ascent
Champions Tour 2024: Americas Kickoff,Group Stage,Decider (A),Cloud9 vs MIBR,Cloud9,ban,Split
Champions Tour 2024: Americas Kickoff,Group Stage,Decider (A),Cloud9 vs MIBR,MIBR,ban,Icebox
Champions Tour 2024: Americas Kickoff,Group Stage,Decider (A),Cloud9 vs MIBR,Cloud9,pick,Bind
Champions Tour 2024: Americas Kickoff,Group Stage,Decider (A),Cloud9 vs MIBR,MIBR,pick,Ascent
Champions Tour 2024: Americas Kickoff,Group Stage,Decider (A),Cloud9 vs MIBR,Cloud9,ban,Breeze
Champions Tour 2024: Americas Kickoff,Group Stage,Decider (A),Cloud9 vs MIBR,MIBR,ban,Lotus
Champions Tour 2024: Americas Kickoff,Group Stage,Decider (B),Leviatán vs Sentinels,Sentinels,ban,Icebox
Champions Tour 2024: Americas Kickoff,Group Stage,Decider (B),Leviatán vs Sentinels,Leviatán,ban,Sunset
Champions Tour 2024: Americas Kickoff,Group Stage,Decider (B),Leviatán vs Sentinels,Sentinels,pick,Split
Champions Tour 2024: Americas Kickoff,Group Stage,Decider (B),Leviatán vs Sentinels,Leviatán,pick,Breeze
Champions Tour 2024: Americas Kickoff,Group Stage,Decider (B),Leviatán vs Sentinels,Sentinels,ban,Ascent
Champions Tour 2024: Americas Kickoff,Group Stage,Decider (B),Leviatán vs Sentinels,Leviatán,ban,Lotus
Champions Tour 2024: Americas Kickoff,Group Stage,Decider (C),G2 Esports vs KRÜ Esports,KRÜ Esports,ban,Bind
Champions Tour 2024: Americas Kickoff,Group Stage,Decider (C),G2 Esports vs KRÜ Esports,G2 Esports,ban,Lotus
Champions Tour 2024: Americas Kickoff,Group Stage,Decider (C),G2 Esports vs KRÜ Esports,KRÜ Esports,pick,Split
Champions Tour 2024: Americas Kickoff,Group Stage,Decider (C),G2 Esports vs KRÜ Esports,G2 Esports,pick,Sunset
Champions Tour 2024: Americas Kickoff,Group Stage,Decider (C),G2 Esports vs KRÜ Esports,KRÜ Esports,ban,Breeze
Champions Tour 2024: Americas Kickoff,Group Stage,Decider (C),G2 Esports vs KRÜ Esports,G2 Esports,ban,Ascent
Champions Tour 2024: Americas Kickoff,Play-Ins,Play-ins,MIBR vs Sentinels,Sentinels,ban,Breeze
Champions Tour 2024: Americas Kickoff,Play-Ins,Play-ins,MIBR vs Sentinels,MIBR,ban,Bind
Champions Tour 2024: Americas Kickoff,Play-Ins,Play-ins,MIBR vs Sentinels,Sentinels,pick,Split
Champions Tour 2024: Americas Kickoff,Play-Ins,Play-ins,MIBR vs Sentinels,MIBR,pick,Ascent
Champions Tour 2024: Americas Kickoff,Play-Ins,Play-ins,MIBR vs Sentinels,Sentinels,ban,Icebox
Champions Tour 2024: Americas Kickoff,Play-Ins,Play-ins,MIBR vs Sentinels,MIBR,ban,Lotus
Champions Tour 2024: Americas Kickoff,Play-Ins,Play-ins,G2 Esports vs MIBR,G2 Esports,ban,Lotus
Champions Tour 2024: Americas Kickoff,Play-Ins,Play-ins,G2 Esports vs MIBR,MIBR,ban,Icebox
Champions Tour 2024: Americas Kickoff,Play-Ins,Play-ins,G2 Esports vs MIBR,G2 Esports,pick,Sunset
Champions Tour 2024: Americas Kickoff,Play-Ins,Play-ins,G2 Esports vs MIBR,MIBR,pick,Split
Champions Tour 2024: Americas Kickoff,Play-Ins,Play-ins,G2 Esports vs MIBR,G2 Esports,ban,Bind
Champions Tour 2024: Americas Kickoff,Play-Ins,Play-ins,G2 Esports vs MIBR,MIBR,ban,Ascent
Champions Tour 2024: Americas Kickoff,Play-Ins,Play-ins,Sentinels vs G2 Esports,Sentinels,ban,Icebox
Champions Tour 2024: Americas Kickoff,Play-Ins,Play-ins,Sentinels vs G2 Esports,G2 Esports,ban,Lotus
Champions Tour 2024: Americas Kickoff,Play-Ins,Play-ins,Sentinels vs G2 Esports,Sentinels,pick,Sunset
Champions Tour 2024: Americas Kickoff,Play-Ins,Play-ins,Sentinels vs G2 Esports,G2 Esports,pick,Breeze
Champions Tour 2024: Americas Kickoff,Play-Ins,Play-ins,Sentinels vs G2 Esports,Sentinels,ban,Ascent
Champions Tour 2024: Americas Kickoff,Play-Ins,Play-ins,Sentinels vs G2 Esports,G2 Esports,ban,Bind
Champions Tour 2024: Americas Kickoff,Playoffs,Semifinals,Evil Geniuses vs LOUD,LOUD,ban,Breeze
Champions Tour 2024: Americas Kickoff,Playoffs,Semifinals,Evil Geniuses vs LOUD,Evil Geniuses,ban,Bind
Champions Tour 2024: Americas Kickoff,Playoffs,Semifinals,Evil Geniuses vs LOUD,LOUD,pick,Ascent
Champions Tour 2024: Americas Kickoff,Playoffs,Semifinals,Evil Geniuses vs LOUD,Evil Geniuses,pick,Icebox
Champions Tour 2024: Americas Kickoff,Playoffs,Semifinals,Evil Geniuses vs LOUD,LOUD,ban,Lotus
Champions Tour 2024: Americas Kickoff,Playoffs,Semifinals,Evil Geniuses vs LOUD,Evil Geniuses,ban,Split
Champions Tour 2024: Americas Kickoff,Playoffs,Semifinals,NRG Esports vs Sentinels,Sentinels,ban,Breeze
Champions Tour 2024: Americas Kickoff,Playoffs,Semifinals,NRG Esports vs Sentinels,NRG Esports,ban,Bind
Champions Tour 2024: Americas Kickoff,Playoffs,Semifinals,NRG Esports vs Sentinels,Sentinels,pick,Sunset
Champions Tour 2024: Americas Kickoff,Playoffs,Semifinals,NRG Esports vs Sentinels,NRG Esports,pick,Ascent
Champions Tour 2024: Americas Kickoff,Playoffs,Semifinals,NRG Esports vs Sentinels,Sentinels,ban,Icebox
Champions Tour 2024: Americas Kickoff,Playoffs,Semifinals,NRG Esports vs Sentinels,NRG Esports,ban,Lotus
Champions Tour 2024: Americas Kickoff,Playoffs,Grand Final,LOUD vs Sentinels,LOUD,ban,Breeze
Champions Tour 2024: Americas Kickoff,Playoffs,Grand Final,LOUD vs Sentinels,Sentinels,ban,Ascent
Champions Tour 2024: Americas Kickoff,Playoffs,Grand Final,LOUD vs Sentinels,LOUD,pick,Sunset
Champions Tour 2024: Americas Kickoff,Playoffs,Grand Final,LOUD vs Sentinels,Sentinels,pick,Split
Champions Tour 2024: Americas Kickoff,Playoffs,Grand Final,LOUD vs Sentinels,LOUD,pick,Icebox
Champions Tour 2024: Americas Kickoff,Playoffs,Grand Final,LOUD vs Sentinels,Sentinels,pick,Bind
Champions Tour 2024: China Kickoff,Group Stage,Opening (A),Trace Esports vs TYLOO,TYLOO,ban,Lotus
Champions Tour 2024: China Kickoff,Group Stage,Opening (A),Trace Esports vs TYLOO,Trace Esports,ban,Icebox
Champions Tour 2024: China Kickoff,Group Stage,Opening (A),Trace Esports vs TYLOO,TYLOO,pick,Ascent
Champions Tour 2024: China Kickoff,Group Stage,Opening (A),Trace Esports vs TYLOO,Trace Esports,pick,Sunset
Champions Tour 2024: China Kickoff,Group Stage,Opening (A),Trace Esports vs TYLOO,TYLOO,ban,Breeze
Champions Tour 2024: China Kickoff,Group Stage,Opening (A),Trace Esports vs TYLOO,Trace Esports,ban,Bind
Champions Tour 2024: China Kickoff,Group Stage,Opening (A),FunPlus Phoenix vs Nova Esports,Nova Esports,ban,Breeze
Champions Tour 2024: China Kickoff,Group Stage,Opening (A),FunPlus Phoenix vs Nova Esports,FunPlus Phoenix,ban,Ascent
Champions Tour 2024: China Kickoff,Group Stage,Opening (A),FunPlus Phoenix vs Nova Esports,Nova Esports,pick,Sunset
Champions Tour 2024: China Kickoff,Group Stage,Opening (A),FunPlus Phoenix vs Nova Esports,FunPlus Phoenix,pick,Lotus
Champions Tour 2024: China Kickoff,Group Stage,Opening (A),FunPlus Phoenix vs Nova Esports,Nova Esports,ban,Icebox
Champions Tour 2024: China Kickoff,Group Stage,Opening (A),FunPlus Phoenix vs Nova Esports,FunPlus Phoenix,ban,Split
Champions Tour 2024: China Kickoff,Group Stage,Opening (B),JD Gaming vs Titan Esports Club,JD Gaming,ban,Breeze
Champions Tour 2024: China Kickoff,Group Stage,Opening (B),JD Gaming vs Titan Esports Club,Titan Esports Club,ban,Sunset
Champions Tour 2024: China Kickoff,Group Stage,Opening (B),JD Gaming vs Titan Esports Club,JD Gaming,pick,Lotus
Champions Tour 2024: China Kickoff,Group Stage,Opening (B),JD Gaming vs Titan Esports Club,Titan Esports Club,pick,Bind
Champions Tour 2024: China Kickoff,Group Stage,Opening (B),JD Gaming vs Titan Esports Club,JD Gaming,ban,Ascent
Champions Tour 2024: China Kickoff,Group Stage,Opening (B),JD Gaming vs Titan Esports Club,Titan Esports Club,ban,Icebox
Champions Tour 2024: China Kickoff,Group Stage,Opening (B),Dragon Ranger Gaming vs All Gamers,All Gamers,ban,Lotus
Champions Tour 2024: China Kickoff,Group Stage,Opening (B),Dragon Ranger Gaming vs All Gamers,Dragon Ranger Gaming,ban,Breeze
Champions Tour 2024: China Kickoff,Group Stage,Opening (B),Dragon Ranger Gaming vs All Gamers,All Gamers,pick,Sunset
Champions Tour 2024: China Kickoff,Group Stage,Opening (B),Dragon Ranger Gaming vs All Gamers,Dragon Ranger Gaming,pick,Ascent
Champions Tour 2024: China Kickoff,Group Stage,Opening (B),Dragon Ranger Gaming vs All Gamers,All Gamers,ban,Bind
Champions Tour 2024: China Kickoff,Group Stage,Opening (B),Dragon Ranger Gaming vs All Gamers,Dragon Ranger Gaming,ban,Split
Champions Tour 2024: China Kickoff,Group Stage,Opening (C),Bilibili Gaming vs Wolves Esports,Bilibili Gaming,ban,Breeze
Champions Tour 2024: China Kickoff,Group Stage,Opening (C),Bilibili Gaming vs Wolves Esports,Wolves Esports,ban,Lotus
Champions Tour 2024: China Kickoff,Group Stage,Opening (C),Bilibili Gaming vs Wolves Esports,Bilibili Gaming,pick,Ascent
Champions Tour 2024: China Kickoff,Group Stage,Opening (C),Bilibili Gaming vs Wolves Esports,Wolves Esports,pick,Icebox
Champions Tour 2024: China Kickoff,Group Stage,Opening (C),Bilibili Gaming vs Wolves Esports,Bilibili Gaming,ban,Bind
Champions Tour 2024: China Kickoff,Group Stage,Opening (C),Bilibili Gaming vs Wolves Esports,Wolves Esports,ban,Sunset
Champions Tour 2024: China Kickoff,Group Stage,Elimination (A),TYLOO vs Nova Esports,TYLOO,ban,Sunset
Champions Tour 2024: China Kickoff,Group Stage,Elimination (A),TYLOO vs Nova Esports,Nova Esports,ban,Breeze
Champions Tour 2024: China Kickoff,Group Stage,Elimination (A),TYLOO vs Nova Esports,TYLOO,pick,Ascent
Champions Tour 2024: China Kickoff,Group Stage,Elimination (A),TYLOO vs Nova Esports,Nova Esports,pick,Split
Champions Tour 2024: China Kickoff,Group Stage,Elimination (A),TYLOO vs Nova Esports,TYLOO,ban,Lotus
Champions Tour 2024: China Kickoff,Group Stage,Elimination (A),TYLOO vs Nova Esports,Nova Esports,ban,Icebox
Champions Tour 2024: China Kickoff,Group Stage,Elimination (B),JD Gaming vs All Gamers,All Gamers,ban,Lotus
Champions Tour 2024: China Kickoff,Group Stage,Elimination (B),JD Gaming vs All Gamers,JD Gaming,ban,Breeze
Champions Tour 2024: China Kickoff,Group Stage,Elimination (B),JD Gaming vs All Gamers,All Gamers,pick,Icebox
Champions Tour 2024: China Kickoff,Group Stage,Elimination (B),JD Gaming vs All Gamers,JD Gaming,pick,Sunset
Champions Tour 2024: China Kickoff,Group Stage,Elimination (B),JD Gaming vs All Gamers,All Gamers,ban,Ascent
Champions Tour 2024: China Kickoff,Group Stage,Elimination (B),JD Gaming vs All Gamers,JD Gaming,ban,Bind
Champions Tour 2024: China Kickoff,Group Stage,Winner's (A),Trace Esports vs FunPlus Phoenix,FunPlus Phoenix,ban,Ascent
Champions Tour 2024: China Kickoff,Group Stage,Winner's (A),Trace Esports vs FunPlus Phoenix,Trace Esports,ban,Icebox
Champions Tour 2024: China Kickoff,Group Stage,Winner's (A),Trace Esports vs FunPlus Phoenix,FunPlus Phoenix,pick,Sunset
Champions Tour 2024: China Kickoff,Group Stage,Winner's (A),Trace Esports vs FunPlus Phoenix,Trace Esports,pick,Bind
Champions Tour 2024: China Kickoff,Group Stage,Winner's (A),Trace Esports vs FunPlus Phoenix,FunPlus Phoenix,ban,Split
Champions Tour 2024: China Kickoff,Group Stage,Winner's (A),Trace Esports vs FunPlus Phoenix,Trace Esports,ban,Breeze
Champions Tour 2024: China Kickoff,Group Stage,Winner's (B),Titan Esports Club vs Dragon Ranger Gaming,Dragon Ranger Gaming,ban,Lotus
Champions Tour 2024: China Kickoff,Group Stage,Winner's (B),Titan Esports Club vs Dragon Ranger Gaming,Titan Esports Club,ban,Ascent
Champions Tour 2024: China Kickoff,Group Stage,Winner's (B),Titan Esports Club vs Dragon Ranger Gaming,Dragon Ranger Gaming,pick,Icebox
Champions Tour 2024: China Kickoff,Group Stage,Winner's (B),Titan Esports Club vs Dragon Ranger Gaming,Titan Esports Club,pick,Split
Champions Tour 2024: China Kickoff,Group Stage,Winner's (B),Titan Esports Club vs Dragon Ranger Gaming,Dragon Ranger Gaming,ban,Breeze
Champions Tour 2024: China Kickoff,Group Stage,Winner's (B),Titan Esports Club vs Dragon Ranger Gaming,Titan Esports Club,ban,Sunset
Champions Tour 2024: China Kickoff,Group Stage,Winner's (C),Wolves Esports vs EDward Gaming,EDward Gaming,ban,Icebox
Champions Tour 2024: China Kickoff,Group Stage,Winner's (C),Wolves Esports vs EDward Gaming,Wolves Esports,ban,Sunset
Champions Tour 2024: China Kickoff,Group Stage,Winner's (C),Wolves Esports vs EDward Gaming,EDward Gaming,pick,Bind
Champions Tour 2024: China Kickoff,Group Stage,Winner's (C),Wolves Esports vs EDward Gaming,Wolves Esports,pick,Ascent
Champions Tour 2024: China Kickoff,Group Stage,Winner's (C),Wolves Esports vs EDward Gaming,EDward Gaming,ban,Lotus
Champions Tour 2024: China Kickoff,Group Stage,Winner's (C),Wolves Esports vs EDward Gaming,Wolves Esports,ban,Split
Champions Tour 2024: China Kickoff,Group Stage,Decider (A),Trace Esports vs Nova Esports,Nova Esports,ban,Breeze
Champions Tour 2024: China Kickoff,Group Stage,Decider (A),Trace Esports vs Nova Esports,Trace Esports,ban,Icebox
Champions Tour 2024: China Kickoff,Group Stage,Decider (A),Trace Esports vs Nova Esports,Nova Esports,pick,Split
Champions Tour 2024: China Kickoff,Group Stage,Decider (A),Trace Esports vs Nova Esports,Trace Esports,pick,Lotus
Champions Tour 2024: China Kickoff,Group Stage,Decider (A),Trace Esports vs Nova Esports,Nova Esports,ban,Bind
Champions Tour 2024: China Kickoff,Group Stage,Decider (A),Trace Esports vs Nova Esports,Trace Esports,ban,Ascent
Champions Tour 2024: China Kickoff,Group Stage,Decider (B),Titan Esports Club vs JD Gaming,JD Gaming,ban,Breeze
Champions Tour 2024: China Kickoff,Group Stage,Decider (B),Titan Esports Club vs JD Gaming,Titan Esports Club,ban,Sunset
Champions Tour 2024: China Kickoff,Group Stage,Decider (B),Titan Esports Club vs JD Gaming,JD Gaming,pick,Bind
Champions Tour 2024: China Kickoff,Group Stage,Decider (B),Titan Esports Club vs JD Gaming,Titan Esports Club,pick,Icebox
Champions Tour 2024: China Kickoff,Group Stage,Decider (B),Titan Esports Club vs JD Gaming,JD Gaming,ban,Ascent
Champions Tour 2024: China Kickoff,Group Stage,Decider (B),Titan Esports Club vs JD Gaming,Titan Esports Club,ban,Split
Champions Tour 2024: China Kickoff,Group Stage,Decider (C),Wolves Esports vs Bilibili Gaming,Bilibili Gaming,ban,Breeze
Champions Tour 2024: China Kickoff,Group Stage,Decider (C),Wolves Esports vs Bilibili Gaming,Wolves Esports,ban,Lotus
Champions Tour 2024: China Kickoff,Group Stage,Decider (C),Wolves Esports vs Bilibili Gaming,Bilibili Gaming,pick,Sunset
Champions Tour 2024: China Kickoff,Group Stage,Decider (C),Wolves Esports vs Bilibili Gaming,Wolves Esports,pick,Icebox
Champions Tour 2024: China Kickoff,Group Stage,Decider (C),Wolves Esports vs Bilibili Gaming,Bilibili Gaming,ban,Ascent
Champions Tour 2024: China Kickoff,Group Stage,Decider (C),Wolves Esports vs Bilibili Gaming,Wolves Esports,ban,Split
Champions Tour 2024: China Kickoff,Play-Ins,Round-Robin,Trace Esports vs Titan Esports Club,Titan Esports Club,ban,Sunset
Champions Tour 2024: China Kickoff,Play-Ins,Round-Robin,Trace Esports vs Titan Esports Club,Trace Esports,ban,Icebox
Champions Tour 2024: China Kickoff,Play-Ins,Round-Robin,Trace Esports vs Titan Esports Club,Titan Esports Club,pick,Breeze
Champions Tour 2024: China Kickoff,Play-Ins,Round-Robin,Trace Esports vs Titan Esports Club,Trace Esports,pick,Lotus
Champions Tour 2024: China Kickoff,Play-Ins,Round-Robin,Trace Esports vs Titan Esports Club,Titan Esports Club,ban,Bind
Champions Tour 2024: China Kickoff,Play-Ins,Round-Robin,Trace Esports vs Titan Esports Club,Trace Esports,ban,Ascent
Champions Tour 2024: China Kickoff,Play-Ins,Round-Robin,Bilibili Gaming vs Titan Esports Club,Titan Esports Club,ban,Bind
Champions Tour 2024: China Kickoff,Play-Ins,Round-Robin,Bilibili Gaming vs Titan Esports Club,Bilibili Gaming,ban,Breeze
Champions Tour 2024: China Kickoff,Play-Ins,Round-Robin,Bilibili Gaming vs Titan Esports Club,Titan Esports Club,pick,Lotus
Champions Tour 2024: China Kickoff,Play-Ins,Round-Robin,Bilibili Gaming vs Titan Esports Club,Bilibili Gaming,pick,Ascent
Champions Tour 2024: China Kickoff,Play-Ins,Round-Robin,Bilibili Gaming vs Titan Esports Club,Titan Esports Club,ban,Sunset
Champions Tour 2024: China Kickoff,Play-Ins,Round-Robin,Bilibili Gaming vs Titan Esports Club,Bilibili Gaming,ban,Split
Champions Tour 2024: China Kickoff,Play-Ins,Round-Robin,Bilibili Gaming vs Trace Esports,Trace Esports,ban,Icebox
Champions Tour 2024: China Kickoff,Play-Ins,Round-Robin,Bilibili Gaming vs Trace Esports,Bilibili Gaming,ban,Ascent
Champions Tour 2024: China Kickoff,Play-Ins,Round-Robin,Bilibili Gaming vs Trace Esports,Trace Esports,pick,Lotus
Champions Tour 2024: China Kickoff,Play-Ins,Round-Robin,Bilibili Gaming vs Trace Esports,Bilibili Gaming,pick,Sunset
Champions Tour 2024: China Kickoff,Play-Ins,Round-Robin,Bilibili Gaming vs Trace Esports,Trace Esports,ban,Breeze
Champions Tour 2024: China Kickoff,Play-Ins,Round-Robin,Bilibili Gaming vs Trace Esports,Bilibili Gaming,ban,Split
Champions Tour 2024: China Kickoff,Playoffs,Semifinals,FunPlus Phoenix vs Dragon Ranger Gaming,Dragon Ranger Gaming,ban,Lotus
Champions Tour 2024: China Kickoff,Playoffs,Semifinals,FunPlus Phoenix vs Dragon Ranger Gaming,FunPlus Phoenix,ban,Bind
Champions Tour 2024: China Kickoff,Playoffs,Semifinals,FunPlus Phoenix vs Dragon Ranger Gaming,Dragon Ranger Gaming,pick,Ascent
Champions Tour 2024: China Kickoff,Playoffs,Semifinals,FunPlus Phoenix vs Dragon Ranger Gaming,FunPlus Phoenix,pick,Breeze
Champions Tour 2024: China Kickoff,Playoffs,Semifinals,FunPlus Phoenix vs Dragon Ranger Gaming,Dragon Ranger Gaming,ban,Split
Champions Tour 2024: China Kickoff,Playoffs,Semifinals,FunPlus Phoenix vs Dragon Ranger Gaming,FunPlus Phoenix,ban,Icebox
Champions Tour 2024: China Kickoff,Playoffs,Semifinals,EDward Gaming vs Trace Esports,Trace Esports,ban,Icebox
Champions Tour 2024: China Kickoff,Playoffs,Semifinals,EDward Gaming vs Trace Esports,EDward Gaming,ban,Lotus
Champions Tour 2024: China Kickoff,Playoffs,Semifinals,EDward Gaming vs Trace Esports,Trace Esports,pick,Sunset
Champions Tour 2024: China Kickoff,Playoffs,Semifinals,EDward Gaming vs Trace Esports,EDward Gaming,pick,Bind
Champions Tour 2024: China Kickoff,Playoffs,Semifinals,EDward Gaming vs Trace Esports,Trace Esports,ban,Split
Champions Tour 2024: China Kickoff,Playoffs,Semifinals,EDward Gaming vs Trace Esports,EDward Gaming,ban,Ascent
Champions Tour 2024: China Kickoff,Playoffs,Grand Final,FunPlus Phoenix vs EDward Gaming,FunPlus Phoenix,ban,Bind
Champions Tour 2024: China Kickoff,Playoffs,Grand Final,FunPlus Phoenix vs EDward Gaming,EDward Gaming,ban,Lotus
Champions Tour 2024: China Kickoff,Playoffs,Grand Final,FunPlus Phoenix vs EDward Gaming,FunPlus Phoenix,pick,Breeze
Champions Tour 2024: China Kickoff,Playoffs,Grand Final,FunPlus Phoenix vs EDward Gaming,EDward Gaming,pick,Split
Champions Tour 2024: China Kickoff,Playoffs,Grand Final,FunPlus Phoenix vs EDward Gaming,FunPlus Phoenix,pick,Icebox
Champions Tour 2024: China Kickoff,Playoffs,Grand Final,FunPlus Phoenix vs EDward Gaming,EDward Gaming,pick,Ascent
Champions Tour 2024: EMEA Kickoff,Group Stage,Opening (A),FUT Esports vs Team Heretics,Team Heretics,ban,Ascent
Champions Tour 2024: EMEA Kickoff,Group Stage,Opening (A),FUT Esports vs Team Heretics,FUT Esports,ban,Breeze
Champions Tour 2024: EMEA Kickoff,Group Stage,Opening (A),FUT Esports vs Team Heretics,Team Heretics,pick,Lotus
Champions Tour 2024: EMEA Kickoff,Group Stage,Opening (A),FUT Esports vs Team Heretics,FUT Esports,pick,Bind
Champions Tour 2024: EMEA Kickoff,Group Stage,Opening (A),FUT Esports vs Team Heretics,Team Heretics,ban,Split
Champions Tour 2024: EMEA Kickoff,Group Stage,Opening (A),FUT Esports vs Team Heretics,FUT Esports,ban,Sunset
Champions Tour 2024: EMEA Kickoff,Group Stage,Opening (A),GIANTX vs Karmine Corp,Karmine Corp,ban,Ascent
Champions Tour 2024: EMEA Kickoff,Group Stage,Opening (A),GIANTX vs Karmine Corp,GIANTX,ban,Bind
Champions Tour 2024: EMEA Kickoff,Group Stage,Opening (A),GIANTX vs Karmine Corp,Karmine Corp,pick,Split
Champions Tour 2024: EMEA Kickoff,Group Stage,Opening (A),GIANTX vs Karmine Corp,GIANTX,pick,Sunset
Champions Tour 2024: EMEA Kickoff,Group Stage,Opening (A),GIANTX vs Karmine Corp,Karmine Corp,ban,Breeze
Champions Tour 2024: EMEA Kickoff,Group Stage,Opening (A),GIANTX vs Karmine Corp,GIANTX,ban,Icebox
Champions Tour 2024: EMEA Kickoff,Group Stage,Opening (B),Natus Vincere vs BBL Esports,Natus Vincere,ban,Split
Champions Tour 2024: EMEA Kickoff,Group Stage,Opening (B),Natus Vincere vs BBL Esports,BBL Esports,ban,Lotus
Champions Tour 2024: EMEA Kickoff,Group Stage,Opening (B),Natus Vincere vs BBL Esports,Natus Vincere,pick,Bind
Champions Tour 2024: EMEA Kickoff,Group Stage,Opening (B),Natus Vincere vs BBL Esports,BBL Esports,pick,Ascent
Champions Tour 2024: EMEA Kickoff,Group Stage,Opening (B),Natus Vincere vs BBL Esports,Natus Vincere,ban,Icebox
Champions Tour 2024: EMEA Kickoff,Group Stage,Opening (B),Natus Vincere vs BBL Esports,BBL Esports,ban,Sunset
Champions Tour 2024: EMEA Kickoff,Group Stage,Opening (B),Team Liquid vs KOI,Team Liquid,ban,Sunset
Champions Tour 2024: EMEA Kickoff,Group Stage,Opening (B),Team Liquid vs KOI,KOI,ban,Lotus
Champions Tour 2024: EMEA Kickoff,Group Stage,Opening (B),Team Liquid vs KOI,Team Liquid,pick,Icebox
Champions Tour 2024: EMEA Kickoff,Group Stage,Opening (B),Team Liquid vs KOI,KOI,pick,Bind
Champions Tour 2024: EMEA Kickoff,Group Stage,Opening (B),Team Liquid vs KOI,Team Liquid,ban,Breeze
Champions Tour 2024: EMEA Kickoff,Group Stage,Opening (B),Team Liquid vs KOI,KOI,ban,Ascent
Champions Tour 2024: EMEA Kickoff,Group Stage,Opening (C),Team Vitality vs Gentle Mates,Team Vitality,ban,Icebox
Champions Tour 2024: EMEA Kickoff,Group Stage,Opening (C),Team Vitality vs Gentle Mates,Gentle Mates,ban,Bind
Champions Tour 2024: EMEA Kickoff,Group Stage,Opening (C),Team Vitality vs Gentle Mates,Team Vitality,pick,Sunset
Champions Tour 2024: EMEA Kickoff,Group Stage,Opening (C),Team Vitality vs Gentle Mates,Gentle Mates,pick,Lotus
Champions Tour 2024: EMEA Kickoff,Group Stage,Opening (C),Team Vitality vs Gentle Mates,Team Vitality,ban,Split
Champions Tour 2024: EMEA Kickoff,Group Stage,Opening (C),Team Vitality vs Gentle Mates,Gentle Mates,ban,Breeze
Champions Tour 2024: EMEA Kickoff,Group Stage,Winner's (A),Team Heretics vs Karmine Corp,Karmine Corp,ban,Breeze
Champions Tour 2024: EMEA Kickoff,Group Stage,Winner's (A),Team Heretics vs Karmine Corp,Team Heretics,ban,Ascent
Champions Tour 2024: EMEA Kickoff,Group Stage,Winner's (A),Team Heretics vs Karmine Corp,Karmine Corp,pick,Split
Champions Tour 2024: EMEA Kickoff,Group Stage,Winner's (A),Team Heretics vs Karmine Corp,Team Heretics,pick,Lotus
Champions Tour 2024: EMEA Kickoff,Group Stage,Winner's (A),Team Heretics vs Karmine Corp,Karmine Corp,ban,Icebox
Champions Tour 2024: EMEA Kickoff,Group Stage,Winner's (A),Team Heretics vs Karmine Corp,Team Heretics,ban,Bind
Champions Tour 2024: EMEA Kickoff,Group Stage,Elimination (A),FUT Esports vs GIANTX,GIANTX,ban,Bind
Champions Tour 2024: EMEA Kickoff,Group Stage,Elimination (A),FUT Esports vs GIANTX,FUT Esports,ban,Breeze
Champions Tour 2024: EMEA Kickoff,Group Stage,Elimination (A),FUT Esports vs GIANTX,GIANTX,pick,Split
Champions Tour 2024: EMEA Kickoff,Group Stage,Elimination (A),FUT Esports vs GIANTX,FUT Esports,pick,Icebox
Champions Tour 2024: EMEA Kickoff,Group Stage,Elimination (A),FUT Esports vs GIANTX,GIANTX,ban,Lotus
Champions Tour 2024: EMEA Kickoff,Group Stage,Elimination (A),FUT Esports vs GIANTX,FUT Esports,ban,Ascent
Champions Tour 2024: EMEA Kickoff,Group Stage,Winner's (B),Natus Vincere vs Team Liquid,Team Liquid,ban,Sunset
Champions Tour 2024: EMEA Kickoff,Group Stage,Winner's (B),Natus Vincere vs Team Liquid,Natus Vincere,ban,Icebox
Champions Tour 2024: EMEA Kickoff,Group Stage,Winner's (B),Natus Vincere vs Team Liquid,Team Liquid,pick,Split
Champions Tour 2024: EMEA Kickoff,Group Stage,Winner's (B),Natus Vincere vs Team Liquid,Natus Vincere,pick,Breeze
Champions Tour 2024: EMEA Kickoff,Group Stage,Winner's (B),Natus Vincere vs Team Liquid,Team Liquid,ban,Bind
Champions Tour 2024: EMEA Kickoff,Group Stage,Winner's (B),Natus Vincere vs Team Liquid,Natus Vincere,ban,Lotus
Champions Tour 2024: EMEA Kickoff,Group Stage,Elimination (B),BBL Esports vs KOI,BBL Esports,ban,Sunset
Champions Tour 2024: EMEA Kickoff,Group Stage,Elimination (B),BBL Esports vs KOI,KOI,ban,Lotus
Champions Tour 2024: EMEA Kickoff,Group Stage,Elimination (B),BBL Esports vs KOI,BBL Esports,pick,Bind
Champions Tour 2024: EMEA Kickoff,Group Stage,Elimination (B),BBL Esports vs KOI,KOI,pick,Split
Champions Tour 2024: EMEA Kickoff,Group Stage,Elimination (B),BBL Esports vs KOI,BBL Esports,ban,Breeze
Champions Tour 2024: EMEA Kickoff,Group Stage,Elimination (B),BBL Esports vs KOI,KOI,ban,Ascent
Champions Tour 2024: EMEA Kickoff,Group Stage,Winner's (C),Team Vitality vs FNATIC,FNATIC,ban,Sunset
Champions Tour 2024: EMEA Kickoff,Group Stage,Winner's (C),Team Vitality vs FNATIC,Team Vitality,ban,Icebox
Champions Tour 2024: EMEA Kickoff,Group Stage,Winner's (C),Team Vitality vs FNATIC,FNATIC,pick,Lotus
Champions Tour 2024: EMEA Kickoff,Group Stage,Winner's (C),Team Vitality vs FNATIC,Team Vitality,pick,Ascent
Champions Tour 2024: EMEA Kickoff,Group Stage,Winner's (C),Team Vitality vs FNATIC,FNATIC,ban,Split
Champions Tour 2024: EMEA Kickoff,Group Stage,Winner's (C),Team Vitality vs FNATIC,Team Vitality,ban,Breeze
Champions Tour 2024: EMEA Kickoff,Group Stage,Decider (C),Team Vitality vs Gentle Mates,Gentle Mates,ban,Bind
Champions Tour 2024: EMEA Kickoff,Group Stage,Decider (C),Team Vitality vs Gentle Mates,Team Vitality,ban,Icebox
Champions Tour 2024: EMEA Kickoff,Group Stage,Decider (C),Team Vitality vs Gentle Mates,Gentle Mates,pick,Breeze
Champions Tour 2024: EMEA Kickoff,Group Stage,Decider (C),Team Vitality vs Gentle Mates,Team Vitality,pick,Lotus
Champions Tour 2024: EMEA Kickoff,Group Stage,Decider (C),Team Vitality vs Gentle Mates,Gentle Mates,ban,Ascent
Champions Tour 2024: EMEA Kickoff,Group Stage,Decider (C),Team Vitality vs Gentle Mates,Team Vitality,ban,Split
Champions Tour 2024: EMEA Kickoff,Group Stage,Decider (A),Karmine Corp vs FUT Esports,FUT Esports,ban,Breeze
Champions Tour 2024: EMEA Kickoff,Group Stage,Decider (A),Karmine Corp vs FUT Esports,Karmine Corp,ban,Ascent
Champions Tour 2024: EMEA Kickoff,Group Stage,Decider (A),Karmine Corp vs FUT Esports,FUT Esports,pick,Lotus
Champions Tour 2024: EMEA Kickoff,Group Stage,Decider (A),Karmine Corp vs FUT Esports,Karmine Corp,pick,Bind
Champions Tour 2024: EMEA Kickoff,Group Stage,Decider (A),Karmine Corp vs FUT Esports,FUT Esports,ban,Split
Champions Tour 2024: EMEA Kickoff,Group Stage,Decider (A),Karmine Corp vs FUT Esports,Karmine Corp,ban,Icebox
Champions Tour 2024: EMEA Kickoff,Group Stage,Decider (B),Team Liquid vs KOI,KOI,ban,Lotus
Champions Tour 2024: EMEA Kickoff,Group Stage,Decider (B),Team Liquid vs KOI,Team Liquid,ban,Breeze
Champions Tour 2024: EMEA Kickoff,Group Stage,Decider (B),Team Liquid vs KOI,KOI,pick,Sunset
Champions Tour 2024: EMEA Kickoff,Group Stage,Decider (B),Team Liquid vs KOI,Team Liquid,pick,Icebox
Champions Tour 2024: EMEA Kickoff,Group Stage,Decider (B),Team Liquid vs KOI,KOI,ban,Ascent
Champions Tour 2024: EMEA Kickoff,Group Stage,Decider (B),Team Liquid vs KOI,Team Liquid,ban,Bind
Champions Tour 2024: EMEA Kickoff,Play-In Stage,Play-ins,Karmine Corp vs Team Vitality,Karmine Corp,ban,Breeze
Champions Tour 2024: EMEA Kickoff,Play-In Stage,Play-ins,Karmine Corp vs Team Vitality,Team Vitality,ban,Icebox
Champions Tour 2024: EMEA Kickoff,Play-In Stage,Play-ins,Karmine Corp vs Team Vitality,Karmine Corp,pick,Sunset
Champions Tour 2024: EMEA Kickoff,Play-In Stage,Play-ins,Karmine Corp vs Team Vitality,Team Vitality,pick,Ascent
Champions Tour 2024: EMEA Kickoff,Play-In Stage,Play-ins,Karmine Corp vs Team Vitality,Karmine Corp,ban,Bind
Champions Tour 2024: EMEA Kickoff,Play-In Stage,Play-ins,Karmine Corp vs Team Vitality,Team Vitality,ban,Split
Champions Tour 2024: EMEA Kickoff,Play-In Stage,Play-ins,KOI vs Team Vitality,KOI,ban,Lotus
Champions Tour 2024: EMEA Kickoff,Play-In Stage,Play-ins,KOI vs Team Vitality,Team Vitality,ban,Icebox
Champions Tour 2024: EMEA Kickoff,Play-In Stage,Play-ins,KOI vs Team Vitality,KOI,pick,Sunset
Champions Tour 2024: EMEA Kickoff,Play-In Stage,Play-ins,KOI vs Team Vitality,Team Vitality,pick,Breeze
Champions Tour 2024: EMEA Kickoff,Play-In Stage,Play-ins,KOI vs Team Vitality,KOI,ban,Ascent
Champions Tour 2024: EMEA Kickoff,Play-In Stage,Play-ins,KOI vs Team Vitality,Team Vitality,ban,Split
Champions Tour 2024: EMEA Kickoff,Play-In Stage,Play-ins,Karmine Corp vs KOI,Karmine Corp,ban,Breeze
Champions Tour 2024: EMEA Kickoff,Play-In Stage,Play-ins,Karmine Corp vs KOI,KOI,ban,Lotus
Champions Tour 2024: EMEA Kickoff,Play-In Stage,Play-ins,Karmine Corp vs KOI,Karmine Corp,pick,Sunset
Champions Tour 2024: EMEA Kickoff,Play-In Stage,Play-ins,Karmine Corp vs KOI,KOI,pick,Bind
Champions Tour 2024: EMEA Kickoff,Play-In Stage,Play-ins,Karmine Corp vs KOI,Karmine Corp,ban,Ascent
Champions Tour 2024: EMEA Kickoff,Play-In Stage,Play-ins,Karmine Corp vs KOI,KOI,ban,Split
Champions Tour 2024: EMEA Kickoff,Playoffs,Semifinals,Team Heretics vs Natus Vincere,Team Heretics,ban,Ascent
Champions Tour 2024: EMEA Kickoff,Playoffs,Semifinals,Team Heretics vs Natus Vincere,Natus Vincere,ban,Lotus
Champions Tour 2024: EMEA Kickoff,Playoffs,Semifinals,Team Heretics vs Natus Vincere,Team Heretics,pick,Sunset
Champions Tour 2024: EMEA Kickoff,Playoffs,Semifinals,Team Heretics vs Natus Vincere,Natus Vincere,pick,Breeze
Champions Tour 2024: EMEA Kickoff,Playoffs,Semifinals,Team Heretics vs Natus Vincere,Team Heretics,ban,Bind
Champions Tour 2024: EMEA Kickoff,Playoffs,Semifinals,Team Heretics vs Natus Vincere,Natus Vincere,ban,Icebox
Champions Tour 2024: EMEA Kickoff,Playoffs,Semifinals,FNATIC vs Karmine Corp,FNATIC,ban,Sunset
Champions Tour 2024: EMEA Kickoff,Playoffs,Semifinals,FNATIC vs Karmine Corp,Karmine Corp,ban,Ascent
Champions Tour 2024: EMEA Kickoff,Playoffs,Semifinals,FNATIC vs Karmine Corp,FNATIC,pick,Lotus
Champions Tour 2024: EMEA Kickoff,Playoffs,Semifinals,FNATIC vs Karmine Corp,Karmine Corp,pick,Split
Champions Tour 2024: EMEA Kickoff,Playoffs,Semifinals,FNATIC vs Karmine Corp,FNATIC,ban,Icebox
Champions Tour 2024: EMEA Kickoff,Playoffs,Semifinals,FNATIC vs Karmine Corp,Karmine Corp,ban,Breeze
Champions Tour 2024: EMEA Kickoff,Playoffs,Grand Final,Team Heretics vs Karmine Corp,Karmine Corp,ban,Breeze
Champions Tour 2024: EMEA Kickoff,Playoffs,Grand Final,Team Heretics vs Karmine Corp,Team Heretics,ban,Ascent
Champions Tour 2024: EMEA Kickoff,Playoffs,Grand Final,Team Heretics vs Karmine Corp,Karmine Corp,pick,Sunset
Champions Tour 2024: EMEA Kickoff,Playoffs,Grand Final,Team Heretics vs Karmine Corp,Team Heretics,pick,Lotus
Champions Tour 2024: EMEA Kickoff,Playoffs,Grand Final,Team Heretics vs Karmine Corp,Karmine Corp,pick,Icebox
Champions Tour 2024: EMEA Kickoff,Playoffs,Grand Final,Team Heretics vs Karmine Corp,Team Heretics,pick,Split
Champions Tour 2024: Pacific Kickoff,Group Stage,Opening (A),T1 vs BLEED,BLEED,ban,Ascent
Champions Tour 2024: Pacific Kickoff,Group Stage,Opening (A),T1 vs BLEED,T1,ban,Icebox
Champions Tour 2024: Pacific Kickoff,Group Stage,Opening (A),T1 vs BLEED,BLEED,pick,Breeze
Champions Tour 2024: Pacific Kickoff,Group Stage,Opening (A),T1 vs BLEED,T1,pick,Lotus
Champions Tour 2024: Pacific Kickoff,Group Stage,Opening (A),T1 vs BLEED,BLEED,ban,Sunset
Champions Tour 2024: Pacific Kickoff,Group Stage,Opening (A),T1 vs BLEED,T1,ban,Bind
Champions Tour 2024: Pacific Kickoff,Group Stage,Opening (C),Gen.G vs Rex Regum Qeon,Rex Regum Qeon,ban,Ascent
Champions Tour 2024: Pacific Kickoff,Group Stage,Opening (C),Gen.G vs Rex Regum Qeon,Gen.G,ban,Bind
Champions Tour 2024: Pacific Kickoff,Group Stage,Opening (C),Gen.G vs Rex Regum Qeon,Rex Regum Qeon,pick,Icebox
Champions Tour 2024: Pacific Kickoff,Group Stage,Opening (C),Gen.G vs Rex Regum Qeon,Gen.G,pick,Split
Champions Tour 2024: Pacific Kickoff,Group Stage,Opening (C),Gen.G vs Rex Regum Qeon,Rex Regum Qeon,ban,Lotus
Champions Tour 2024: Pacific Kickoff,Group Stage,Opening (C),Gen.G vs Rex Regum Qeon,Gen.G,ban,Breeze
Champions Tour 2024: Pacific Kickoff,Group Stage,Opening (A),ZETA DIVISION vs Global Esports,Global Esports,ban,Lotus
Champions Tour 2024: Pacific Kickoff,Group Stage,Opening (A),ZETA DIVISION vs Global Esports,ZETA DIVISION,ban,Breeze
Champions Tour 2024: Pacific Kickoff,Group Stage,Opening (A),ZETA DIVISION vs Global Esports,Global Esports,pick,Bind
Champions Tour 2024: Pacific Kickoff,Group Stage,Opening (A),ZETA DIVISION vs Global Esports,ZETA DIVISION,pick,Icebox
Champions Tour 2024: Pacific Kickoff,Group Stage,Opening (A),ZETA DIVISION vs Global Esports,Global Esports,ban,Ascent
Champions Tour 2024: Pacific Kickoff,Group Stage,Opening (A),ZETA DIVISION vs Global Esports,ZETA DIVISION,ban,Split
Champions Tour 2024: Pacific Kickoff,Group Stage,Opening (B),Team Secret vs Talon Esports,Talon Esports,ban,Icebox
Champions Tour 2024: Pacific Kickoff,Group Stage,Opening (B),Team Secret vs Talon Esports,Team Secret,ban,Split
Champions Tour 2024: Pacific Kickoff,Group Stage,Opening (B),Team Secret vs Talon Esports,Talon Esports,pick,Breeze
Champions Tour 2024: Pacific Kickoff,Group Stage,Opening (B),Team Secret vs Talon Esports,Team Secret,pick,Ascent
Champions Tour 2024: Pacific Kickoff,Group Stage,Opening (B),Team Secret vs Talon Esports,Talon Esports,ban,Bind
Champions Tour 2024: Pacific Kickoff,Group Stage,Opening (B),Team Secret vs Talon Esports,Team Secret,ban,Lotus
Champions Tour 2024: Pacific Kickoff,Group Stage,Opening (B),DRX vs DetonatioN FocusMe,DetonatioN FocusMe,ban,Icebox
Champions Tour 2024: Pacific Kickoff,Group Stage,Opening (B),DRX vs DetonatioN FocusMe,DRX,ban,Sunset
Champions Tour 2024: Pacific Kickoff,Group Stage,Opening (B),DRX vs DetonatioN FocusMe,DetonatioN FocusMe,pick,Lotus
Champions Tour 2024: Pacific Kickoff,Group Stage,Opening (B),DRX vs DetonatioN FocusMe,DRX,pick,Breeze
Champions Tour 2024: Pacific Kickoff,Group Stage,Opening (B),DRX vs DetonatioN FocusMe,DetonatioN FocusMe,ban,Split
Champions Tour 2024: Pacific Kickoff,Group Stage,Opening (B),DRX vs DetonatioN FocusMe,DRX,ban,Ascent
Champions Tour 2024: Pacific Kickoff,Group Stage,Winner's (C),Gen.G vs Paper Rex,Gen.G,ban,Split
Champions Tour 2024: Pacific Kickoff,Group Stage,Winner's (C),Gen.G vs Paper Rex,Paper Rex,ban,Icebox
Champions Tour 2024: Pacific Kickoff,Group Stage,Winner's (C),Gen.G vs Paper Rex,Gen.G,pick,Breeze
Champions Tour 2024: Pacific Kickoff,Group Stage,Winner's (C),Gen.G vs Paper Rex,Paper Rex,pick,Lotus
Champions Tour 2024: Pacific Kickoff,Group Stage,Winner's (C),Gen.G vs Paper Rex,Gen.G,ban,Bind
Champions Tour 2024: Pacific Kickoff,Group Stage,Winner's (C),Gen.G vs Paper Rex,Paper Rex,ban,Ascent
Champions Tour 2024: Pacific Kickoff,Group Stage,Elimination (A),BLEED vs Global Esports,Global Esports,ban,Lotus
Champions Tour 2024: Pacific Kickoff,Group Stage,Elimination (A),BLEED vs Global Esports,BLEED,ban,Ascent
Champions Tour 2024: Pacific Kickoff,Group Stage,Elimination (A),BLEED vs Global Esports,Global Esports,pick,Sunset
Champions Tour 2024: Pacific Kickoff,Group Stage,Elimination (A),BLEED vs Global Esports,BLEED,pick,Icebox
Champions Tour 2024: Pacific Kickoff,Group Stage,Elimination (A),BLEED vs Global Esports,Global Esports,ban,Breeze
Champions Tour 2024: Pacific Kickoff,Group Stage,Elimination (A),BLEED vs Global Esports,BLEED,ban,Bind
Champions Tour 2024: Pacific Kickoff,Group Stage,Winner's (A),T1 vs ZETA DIVISION,ZETA DIVISION,ban,Breeze
Champions Tour 2024: Pacific Kickoff,Group Stage,Winner's (A),T1 vs ZETA DIVISION,T1,ban,Icebox
Champions Tour 2024: Pacific Kickoff,Group Stage,Winner's (A),T1 vs ZETA DIVISION,ZETA DIVISION,pick,Ascent
Champions Tour 2024: Pacific Kickoff,Group Stage,Winner's (A),T1 vs ZETA DIVISION,T1,pick,Lotus
Champions Tour 2024: Pacific Kickoff,Group Stage,Winner's (A),T1 vs ZETA DIVISION,ZETA DIVISION,ban,Split
Champions Tour 2024: Pacific Kickoff,Group Stage,Winner's (A),T1 vs ZETA DIVISION,T1,ban,Bind
Champions Tour 2024: Pacific Kickoff,Group Stage,Elimination (B),DetonatioN FocusMe vs Team Secret,DetonatioN FocusMe,ban,Icebox
Champions Tour 2024: Pacific Kickoff,Group Stage,Elimination (B),DetonatioN FocusMe vs Team Secret,Team Secret,ban,Split
Champions Tour 2024: Pacific Kickoff,Group Stage,Elimination (B),DetonatioN FocusMe vs Team Secret,DetonatioN FocusMe,pick,Lotus
Champions Tour 2024: Pacific Kickoff,Group Stage,Elimination (B),DetonatioN FocusMe vs Team Secret,Team Secret,pick,Breeze
Champions Tour 2024: Pacific Kickoff,Group Stage,Elimination (B),DetonatioN FocusMe vs Team Secret,DetonatioN FocusMe,ban,Sunset
Champions Tour 2024: Pacific Kickoff,Group Stage,Elimination (B),DetonatioN FocusMe vs Team Secret,Team Secret,ban,Bind
Champions Tour 2024: Pacific Kickoff,Group Stage,Winner's (B),DRX vs Talon Esports,DRX,ban,Lotus
Champions Tour 2024: Pacific Kickoff,Group Stage,Winner's (B),DRX vs Talon Esports,Talon Esports,ban,Bind
Champions Tour 2024: Pacific Kickoff,Group Stage,Winner's (B),DRX vs Talon Esports,DRX,pick,Split
Champions Tour 2024: Pacific Kickoff,Group Stage,Winner's (B),DRX vs Talon Esports,Talon Esports,pick,Ascent
Champions Tour 2024: Pacific Kickoff,Group Stage,Winner's (B),DRX vs Talon Esports,DRX,ban,Sunset
Champions Tour 2024: Pacific Kickoff,Group Stage,Winner's (B),DRX vs Talon Esports,Talon Esports,ban,Icebox
Champions Tour 2024: Pacific Kickoff,Group Stage,Decider (C),Gen.G vs Rex Regum Qeon,Rex Regum Qeon,ban,Ascent
Champions Tour 2024: Pacific Kickoff,Group Stage,Decider (C),Gen.G vs Rex Regum Qeon,Gen.G,ban,Bind
Champions Tour 2024: Pacific Kickoff,Group Stage,Decider (C),Gen.G vs Rex Regum Qeon,Rex Regum Qeon,pick,Lotus
Champions Tour 2024: Pacific Kickoff,Group Stage,Decider (C),Gen.G vs Rex Regum Qeon,Gen.G,pick,Breeze
Champions Tour 2024: Pacific Kickoff,Group Stage,Decider (C),Gen.G vs Rex Regum Qeon,Rex Regum Qeon,ban,Sunset
Champions Tour 2024: Pacific Kickoff,Group Stage,Decider (C),Gen.G vs Rex Regum Qeon,Gen.G,ban,Split
Champions Tour 2024: Pacific Kickoff,Group Stage,Decider (B),Talon Esports vs Team Secret,Team Secret,ban,Split
Champions Tour 2024: Pacific Kickoff,Group Stage,Decider (B),Talon Esports vs Team Secret,Talon Esports,ban,Icebox
Champions Tour 2024: Pacific Kickoff,Group Stage,Decider (B),Talon Esports vs Team Secret,Team Secret,pick,Breeze
Champions Tour 2024: Pacific Kickoff,Group Stage,Decider (B),Talon Esports vs Team Secret,Talon Esports,pick,Ascent
Champions Tour 2024: Pacific Kickoff,Group Stage,Decider (B),Talon Esports vs Team Secret,Team Secret,ban,Bind
Champions Tour 2024: Pacific Kickoff,Group Stage,Decider (B),Talon Esports vs Team Secret,Talon Esports,ban,Sunset
Champions Tour 2024: Pacific Kickoff,Group Stage,Decider (A),ZETA DIVISION vs Global Esports,Global Esports,ban,Icebox
Champions Tour 2024: Pacific Kickoff,Group Stage,Decider (A),ZETA DIVISION vs Global Esports,ZETA DIVISION,ban,Breeze
Champions Tour 2024: Pacific Kickoff,Group Stage,Decider (A),ZETA DIVISION vs Global Esports,Global Esports,pick,Bind
Champions Tour 2024: Pacific Kickoff,Group Stage,Decider (A),ZETA DIVISION vs Global Esports,ZETA DIVISION,pick,Lotus
Champions Tour 2024: Pacific Kickoff,Group Stage,Decider (A),ZETA DIVISION vs Global Esports,Global Esports,ban,Ascent
Champions Tour 2024: Pacific Kickoff,Group Stage,Decider (A),ZETA DIVISION vs Global Esports,ZETA DIVISION,ban,Split
Champions Tour 2024: Pacific Kickoff,Play-Ins,Play-ins,Team Secret vs Gen.G,Team Secret,ban,Split
Champions Tour 2024: Pacific Kickoff,Play-Ins,Play-ins,Team Secret vs Gen.G,Gen.G,ban,Ascent
Champions Tour 2024: Pacific Kickoff,Play-Ins,Play-ins,Team Secret vs Gen.G,Team Secret,pick,Breeze
Champions Tour 2024: Pacific Kickoff,Play-Ins,Play-ins,Team Secret vs Gen.G,Gen.G,pick,Lotus
Champions Tour 2024: Pacific Kickoff,Play-Ins,Play-ins,Team Secret vs Gen.G,Team Secret,ban,Bind
Champions Tour 2024: Pacific Kickoff,Play-Ins,Play-ins,Team Secret vs Gen.G,Gen.G,ban,Sunset
Champions Tour 2024: Pacific Kickoff,Play-Ins,Play-ins,ZETA DIVISION vs Team Secret,Team Secret,ban,Split
Champions Tour 2024: Pacific Kickoff,Play-Ins,Play-ins,ZETA DIVISION vs Team Secret,ZETA DIVISION,ban,Breeze
Champions Tour 2024: Pacific Kickoff,Play-Ins,Play-ins,ZETA DIVISION vs Team Secret,Team Secret,pick,Icebox
Champions Tour 2024: Pacific Kickoff,Play-Ins,Play-ins,ZETA DIVISION vs Team Secret,ZETA DIVISION,pick,Ascent
Champions Tour 2024: Pacific Kickoff,Play-Ins,Play-ins,ZETA DIVISION vs Team Secret,Team Secret,ban,Bind
Champions Tour 2024: Pacific Kickoff,Play-Ins,Play-ins,ZETA DIVISION vs Team Secret,ZETA DIVISION,ban,Sunset
Champions Tour 2024: Pacific Kickoff,Play-Ins,Play-ins,Gen.G vs ZETA DIVISION,Gen.G,ban,Bind
Champions Tour 2024: Pacific Kickoff,Play-Ins,Play-ins,Gen.G vs ZETA DIVISION,ZETA DIVISION,ban,Breeze
Champions Tour 2024: Pacific Kickoff,Play-Ins,Play-ins,Gen.G vs ZETA DIVISION,Gen.G,pick,Icebox
Champions Tour 2024: Pacific Kickoff,Play-Ins,Play-ins,Gen.G vs ZETA DIVISION,ZETA DIVISION,pick,Ascent
Champions Tour 2024: Pacific Kickoff,Play-Ins,Play-ins,Gen.G vs ZETA DIVISION,Gen.G,ban,Sunset
Champions Tour 2024: Pacific Kickoff,Play-Ins,Play-ins,Gen.G vs ZETA DIVISION,ZETA DIVISION,ban,Split
Champions Tour 2024: Pacific Kickoff,Playoffs,Semifinals,T1 vs Paper Rex,Paper Rex,ban,Breeze
Champions Tour 2024: Pacific Kickoff,Playoffs,Semifinals,T1 vs Paper Rex,T1,ban,Icebox
Champions Tour 2024: Pacific Kickoff,Playoffs,Semifinals,T1 vs Paper Rex,Paper Rex,pick,Split
Champions Tour 2024: Pacific Kickoff,Playoffs,Semifinals,T1 vs Paper Rex,T1,pick,Ascent
Champions Tour 2024: Pacific Kickoff,Playoffs,Semifinals,T1 vs Paper Rex,Paper Rex,ban,Bind
Champions Tour 2024: Pacific Kickoff,Playoffs,Semifinals,T1 vs Paper Rex,T1,ban,Lotus
Champions Tour 2024: Pacific Kickoff,Playoffs,Semifinals,DRX vs Gen.G,DRX,ban,Icebox
Champions Tour 2024: Pacific Kickoff,Playoffs,Semifinals,DRX vs Gen.G,Gen.G,ban,Breeze
Champions Tour 2024: Pacific Kickoff,Playoffs,Semifinals,DRX vs Gen.G,DRX,pick,Bind
Champions Tour 2024: Pacific Kickoff,Playoffs,Semifinals,DRX vs Gen.G,Gen.G,pick,Lotus
Champions Tour 2024: Pacific Kickoff,Playoffs,Semifinals,DRX vs Gen.G,DRX,ban,Split
Champions Tour 2024: Pacific Kickoff,Playoffs,Semifinals,DRX vs Gen.G,Gen.G,ban,Sunset
Champions Tour 2024: Pacific Kickoff,Playoffs,Grand Final,Paper Rex vs Gen.G,Gen.G,ban,Sunset
Champions Tour 2024: Pacific Kickoff,Playoffs,Grand Final,Paper Rex vs Gen.G,Paper Rex,ban,Icebox
Champions Tour 2024: Pacific Kickoff,Playoffs,Grand Final,Paper Rex vs Gen.G,Gen.G,pick,Ascent
Champions Tour 2024: Pacific Kickoff,Playoffs,Grand Final,Paper Rex vs Gen.G,Paper Rex,pick,Split
Champions Tour 2024: Pacific Kickoff,Playoffs,Grand Final,Paper Rex vs Gen.G,Gen.G,pick,Lotus
Champions Tour 2024: Pacific Kickoff,Playoffs,Grand Final,Paper Rex vs Gen.G,Paper Rex,pick,Bind
