Tournament,Stage,Match Type,Match Name,Map,Team A,Team A Score,Team A Attacker Score,Team A Defender Score,Team A Overtime Score,Team B,Team B Score,Team B Attacker Score,Team B Defender Score,Team B Overtime Score,Duration
Champions Tour 2024: Masters Madrid,Swiss Stage,Round 1,Karmine Corp vs FunPlus Phoenix,Icebox,Karmine Corp,13,7,6,,FunPlus Phoenix,8,3,5,,59:51
Champions Tour 2024: Masters Madrid,Swiss Stage,Round 1,Karmine Corp vs FunPlus Phoenix,Lotus,Karmine Corp,13,4,9,,FunPlus Phoenix,10,2,8,,52:09
Champions Tour 2024: Masters Madrid,Swiss Stage,Round 1,Gen.G vs LOUD,Icebox,Gen.G,13,6,7,,LOUD,11,5,6,,1:02:44
Champions Tour 2024: Masters Madrid,Swiss Stage,Round 1,Gen.G vs LOUD,Breeze,Gen.G,8,3,5,,LOUD,13,4,9,,56:26
Champions Tour 2024: Masters Madrid,Swiss Stage,Round 1,Gen.G vs LOUD,Ascent,Gen.G,13,9,4,,LOUD,5,2,3,,38:16
Champions Tour 2024: Masters Madrid,Swiss Stage,Round 1,EDward Gaming vs Paper Rex,Sunset,EDward Gaming,8,3,5,,Paper Rex,13,4,9,,1:00:56
Champions Tour 2024: Masters Madrid,Swiss Stage,Round 1,EDward Gaming vs Paper Rex,Bind,EDward Gaming,13,8,5,,Paper Rex,9,5,4,,49:11
Champions Tour 2024: Masters Madrid,Swiss Stage,Round 1,EDward Gaming vs Paper Rex,Split,EDward Gaming,13,8,5,,Paper Rex,9,5,4,,43:49
Champions Tour 2024: Masters Madrid,Swiss Stage,Round 1,Sentinels vs Team Heretics,Lotus,Sentinels,13,4,9,,Team Heretics,9,1,8,,1:00:37
Champions Tour 2024: Masters Madrid,Swiss Stage,Round 1,Sentinels vs Team Heretics,Sunset,Sentinels,5,4,1,,Team Heretics,13,5,8,,44:43
Champions Tour 2024: Masters Madrid,Swiss Stage,Round 1,Sentinels vs Team Heretics,Bind,Sentinels,13,6,7,,Team Heretics,11,5,6,,55:14
Champions Tour 2024: Masters Madrid,Swiss Stage,Round 2,Sentinels vs Karmine Corp,Split,Sentinels,13,6,7,,Karmine Corp,8,2,6,,57:04
Champions Tour 2024: Masters Madrid,Swiss Stage,Round 2,Sentinels vs Karmine Corp,Lotus,Sentinels,13,7,6,,Karmine Corp,11,6,5,,56:49
Champions Tour 2024: Masters Madrid,Swiss Stage,Round 2,EDward Gaming vs Gen.G,Icebox,EDward Gaming,13,8,5,,Gen.G,8,4,4,,55:41
Champions Tour 2024: Masters Madrid,Swiss Stage,Round 2,EDward Gaming vs Gen.G,Split,EDward Gaming,5,5,0,,Gen.G,13,6,7,,39:50
Champions Tour 2024: Masters Madrid,Swiss Stage,Round 2,EDward Gaming vs Gen.G,Breeze,EDward Gaming,6,1,5,,Gen.G,13,2,11,,45:16
Champions Tour 2024: Masters Madrid,Swiss Stage,Round 2,FunPlus Phoenix vs LOUD,Sunset,FunPlus Phoenix,5,4,1,,LOUD,13,5,8,,42:32
Champions Tour 2024: Masters Madrid,Swiss Stage,Round 2,FunPlus Phoenix vs LOUD,Breeze,FunPlus Phoenix,11,7,4,,LOUD,13,8,5,,53:05
Champions Tour 2024: Masters Madrid,Swiss Stage,Round 2,Team Heretics vs Paper Rex,Sunset,Team Heretics,10,6,4,,Paper Rex,13,7,6,,59:31
Champions Tour 2024: Masters Madrid,Swiss Stage,Round 2,Team Heretics vs Paper Rex,Lotus,Team Heretics,13,7,6,,Paper Rex,10,5,5,,46:56
Champions Tour 2024: Masters Madrid,Swiss Stage,Round 2,Team Heretics vs Paper Rex,Split,Team Heretics,7,6,1,,Paper Rex,13,7,6,,39:37
Champions Tour 2024: Masters Madrid,Swiss Stage,Round 3,LOUD vs EDward Gaming,Icebox,LOUD,13,11,2,,EDward Gaming,2,1,1,,43:42
Champions Tour 2024: Masters Madrid,Swiss Stage,Round 3,LOUD vs EDward Gaming,Sunset,LOUD,13,9,4,,EDward Gaming,3,0,3,,35:21
Champions Tour 2024: Masters Madrid,Swiss Stage,Round 3,Karmine Corp vs Paper Rex,Bind,Karmine Corp,10,4,6,,Paper Rex,13,5,8,,59:49
Champions Tour 2024: Masters Madrid,Swiss Stage,Round 3,Karmine Corp vs Paper Rex,Lotus,Karmine Corp,13,8,5,,Paper Rex,6,2,4,,42:56
Champions Tour 2024: Masters Madrid,Swiss Stage,Round 3,Karmine Corp vs Paper Rex,Ascent,Karmine Corp,12,7,5,0,Paper Rex,14,7,5,2,53:41
Champions Tour 2024: Masters Madrid,Playoffs,Upper Semifinals,Gen.G vs Paper Rex,Split,Gen.G,13,8,5,,Paper Rex,8,4,4,,55:37
Champions Tour 2024: Masters Madrid,Playoffs,Upper Semifinals,Gen.G vs Paper Rex,Lotus,Gen.G,13,8,5,,Paper Rex,9,5,4,,42:42
Champions Tour 2024: Masters Madrid,Playoffs,Upper Semifinals,Sentinels vs LOUD,Split,Sentinels,13,9,4,,LOUD,4,1,3,,48:34
Champions Tour 2024: Masters Madrid,Playoffs,Upper Semifinals,Sentinels vs LOUD,Icebox,Sentinels,12,5,7,0,LOUD,14,5,7,2,59:35
Champions Tour 2024: Masters Madrid,Playoffs,Upper Semifinals,Sentinels vs LOUD,Sunset,Sentinels,14,7,5,2,LOUD,12,7,5,0,1:02:35
Champions Tour 2024: Masters Madrid,Playoffs,Upper Final,Gen.G vs Sentinels,Split,Gen.G,13,8,5,,Sentinels,5,1,4,,53:39
Champions Tour 2024: Masters Madrid,Playoffs,Upper Final,Gen.G vs Sentinels,Lotus,Gen.G,7,5,2,,Sentinels,13,6,7,,48:49
Champions Tour 2024: Masters Madrid,Playoffs,Upper Final,Gen.G vs Sentinels,Breeze,Gen.G,13,9,4,,Sentinels,3,0,3,,34:04
Champions Tour 2024: Masters Madrid,Playoffs,Lower Round 1,Paper Rex vs LOUD,Ascent,Paper Rex,13,6,7,,LOUD,11,5,6,,1:00:58
Champions Tour 2024: Masters Madrid,Playoffs,Lower Round 1,Paper Rex vs LOUD,Sunset,Paper Rex,13,7,6,,LOUD,8,3,5,,46:09
Champions Tour 2024: Masters Madrid,Playoffs,Lower Final,Sentinels vs Paper Rex,Lotus,Sentinels,14,6,6,2,Paper Rex,12,6,6,0,1:12:27
Champions Tour 2024: Masters Madrid,Playoffs,Lower Final,Sentinels vs Paper Rex,Ascent,Sentinels,13,6,7,,Paper Rex,6,0,6,,41:11
Champions Tour 2024: Masters Madrid,Playoffs,Lower Final,Sentinels vs Paper Rex,Split,Sentinels,5,4,1,,Paper Rex,13,5,8,,38:13
Champions Tour 2024: Masters Madrid,Playoffs,Lower Final,Sentinels vs Paper Rex,Sunset,Sentinels,13,9,4,,Paper Rex,3,0,3,,33:56
Champions Tour 2024: Masters Madrid,Playoffs,Grand Final,Gen.G vs Sentinels,Breeze,Gen.G,13,7,6,,Sentinels,8,3,5,,1:03:12
Champions Tour 2024: Masters Madrid,Playoffs,Grand Final,Gen.G vs Sentinels,Bind,Gen.G,12,6,6,0,Sentinels,14,6,6,2,1:04:16
Champions Tour 2024: Masters Madrid,Playoffs,Grand Final,Gen.G vs Sentinels,Ascent,Gen.G,13,6,7,,Sentinels,8,2,6,,46:25
Champions Tour 2024: Masters Madrid,Playoffs,Grand Final,Gen.G vs Sentinels,Split,Gen.G,10,4,6,,Sentinels,13,5,8,,49:51
Champions Tour 2024: Masters Madrid,Playoffs,Grand Final,Gen.G vs Sentinels,Icebox,Gen.G,6,5,1,,Sentinels,13,6,7,,42:05
Champions Tour 2024: Americas Kickoff,Group Stage,Opening (A),NRG Esports vs FURIA,Breeze,NRG Esports,13,8,5,,FURIA,10,6,4,,55:08
Champions Tour 2024: Americas Kickoff,Group Stage,Opening (A),NRG Esports vs FURIA,Ascent,NRG Esports,13,6,7,,FURIA,8,2,6,,48:14
Champions Tour 2024: Americas Kickoff,Group Stage,Opening (A),Cloud9 vs MIBR,Bind,Cloud9,13,5,8,,MIBR,11,4,7,,1:06:54
Champions Tour 2024: Americas Kickoff,Group Stage,Opening (A),Cloud9 vs MIBR,Split,Cloud9,8,6,2,,MIBR,13,7,6,,47:29
Champions Tour 2024: Americas Kickoff,Group Stage,Opening (A),Cloud9 vs MIBR,Lotus,Cloud9,13,5,8,,MIBR,10,3,7,,57:07
Champions Tour 2024: Americas Kickoff,Group Stage,Opening (B),LOUD vs Sentinels,Split,LOUD,13,4,9,,Sentinels,11,3,8,,1:12:09
Champions Tour 2024: Americas Kickoff,Group Stage,Opening (B),LOUD vs Sentinels,Ascent,LOUD,13,5,8,,Sentinels,9,2,7,,51:45
Champions Tour 2024: Americas Kickoff,Group Stage,Opening (B),Leviatán vs 100 Thieves,Bind,Leviatán,13,7,6,,100 Thieves,9,4,5,,1:03:18
Champions Tour 2024: Americas Kickoff,Group Stage,Opening (B),Leviatán vs 100 Thieves,Split,Leviatán,3,3,0,,100 Thieves,13,4,9,,36:37
Champions Tour 2024: Americas Kickoff,Group Stage,Opening (B),Leviatán vs 100 Thieves,Icebox,Leviatán,13,7,6,,100 Thieves,11,6,5,,53:07
Champions Tour 2024: Americas Kickoff,Group Stage,Opening (C),KRÜ Esports vs G2 Esports,Icebox,KRÜ Esports,13,6,7,,G2 Esports,9,3,6,,1:06:10
Champions Tour 2024: Americas Kickoff,Group Stage,Opening (C),KRÜ Esports vs G2 Esports,Sunset,KRÜ Esports,9,6,3,,G2 Esports,13,7,6,,53:13
Champions Tour 2024: Americas Kickoff,Group Stage,Opening (C),KRÜ Esports vs G2 Esports,Ascent,KRÜ Esports,11,7,4,,G2 Esports,13,8,5,,56:40
Champions Tour 2024: Americas Kickoff,Group Stage,Elimination (A),FURIA vs MIBR,Split,FURIA,9,7,2,,MIBR,13,8,5,,1:14:12
Champions Tour 2024: Americas Kickoff,Group Stage,Elimination (A),FURIA vs MIBR,Breeze,FURIA,11,8,3,,MIBR,13,9,4,,56:26
Champions Tour 2024: Americas Kickoff,Group Stage,Elimination (B),Sentinels vs 100 Thieves,Lotus,Sentinels,13,9,4,,100 Thieves,5,2,3,,49:56
Champions Tour 2024: Americas Kickoff,Group Stage,Elimination (B),Sentinels vs 100 Thieves,Bind,Sentinels,6,4,2,,100 Thieves,13,5,8,,44:57
Champions Tour 2024: Americas Kickoff,Group Stage,Elimination (B),Sentinels vs 100 Thieves,Split,Sentinels,13,7,6,,100 Thieves,8,3,5,,45:29
Champions Tour 2024: Americas Kickoff,Group Stage,Winner's (A),NRG Esports vs Cloud9,Sunset,NRG Esports,13,8,5,,Cloud9,7,3,4,,1:00:41
Champions Tour 2024: Americas Kickoff,Group Stage,Winner's (A),NRG Esports vs Cloud9,Ascent,NRG Esports,14,5,7,2,Cloud9,12,5,7,0,58:34
Champions Tour 2024: Americas Kickoff,Group Stage,Winner's (B),LOUD vs Leviatán,Bind,LOUD,11,3,8,,Leviatán,13,4,9,,1:11:38
Champions Tour 2024: Americas Kickoff,Group Stage,Winner's (B),LOUD vs Leviatán,Split,LOUD,13,6,7,,Leviatán,10,4,6,,58:10
Champions Tour 2024: Americas Kickoff,Group Stage,Winner's (B),LOUD vs Leviatán,Ascent,LOUD,13,9,4,,Leviatán,7,4,3,,50:10
Champions Tour 2024: Americas Kickoff,Group Stage,Winner's (C),G2 Esports vs Evil Geniuses,Sunset,G2 Esports,13,8,4,1,Evil Geniuses,15,8,4,3,1:18:54
Champions Tour 2024: Americas Kickoff,Group Stage,Winner's (C),G2 Esports vs Evil Geniuses,Icebox,G2 Esports,11,5,6,,Evil Geniuses,13,6,7,,1:01:40
Champions Tour 2024: Americas Kickoff,Group Stage,Decider (A),Cloud9 vs MIBR,Bind,Cloud9,12,5,7,0,MIBR,14,5,7,2,1:16:03
Champions Tour 2024: Americas Kickoff,Group Stage,Decider (A),Cloud9 vs MIBR,Ascent,Cloud9,9,5,4,,MIBR,13,6,7,,56:21
Champions Tour 2024: Americas Kickoff,Group Stage,Decider (B),Leviatán vs Sentinels,Split,Leviatán,3,3,0,,Sentinels,13,4,9,,50:11
Champions Tour 2024: Americas Kickoff,Group Stage,Decider (B),Leviatán vs Sentinels,Breeze,Leviatán,13,9,4,,Sentinels,6,3,3,,45:00
Champions Tour 2024: Americas Kickoff,Group Stage,Decider (B),Leviatán vs Sentinels,Bind,Leviatán,9,6,3,,Sentinels,13,7,6,,52:54
Champions Tour 2024: Americas Kickoff,Group Stage,Decider (C),G2 Esports vs KRÜ Esports,Split,G2 Esports,13,7,6,,KRÜ Esports,8,3,5,,58:24
Champions Tour 2024: Americas Kickoff,Group Stage,Decider (C),G2 Esports vs KRÜ Esports,Sunset,G2 Esports,13,5,8,,KRÜ Esports,8,1,7,,45:29
Champions Tour 2024: Americas Kickoff,Play-Ins,Play-ins,MIBR vs Sentinels,Split,MIBR,7,2,5,,Sentinels,13,3,10,,1:01:27
Champions Tour 2024: Americas Kickoff,Play-Ins,Play-ins,MIBR vs Sentinels,Ascent,MIBR,6,5,1,,Sentinels,13,6,7,,45:03
Champions Tour 2024: Americas Kickoff,Play-Ins,Play-ins,G2 Esports vs MIBR,Sunset,G2 Esports,9,6,3,,MIBR,13,7,6,,1:00:34
Champions Tour 2024: Americas Kickoff,Play-Ins,Play-ins,G2 Esports vs MIBR,Split,G2 Esports,15,5,7,3,MIBR,13,5,7,1,1:08:34
Champions Tour 2024: Americas Kickoff,Play-Ins,Play-ins,G2 Esports vs MIBR,Breeze,G2 Esports,10,6,4,,MIBR,13,7,6,,59:07
Champions Tour 2024: Americas Kickoff,Play-Ins,Play-ins,Sentinels vs G2 Esports,Sunset,Sentinels,13,4,9,,G2 Esports,8,0,8,,54:28
Champions Tour 2024: Americas Kickoff,Play-Ins,Play-ins,Sentinels vs G2 Esports,Breeze,Sentinels,9,3,6,,G2 Esports,13,4,9,,47:08
Champions Tour 2024: Americas Kickoff,Play-Ins,Play-ins,Sentinels vs G2 Esports,Split,Sentinels,9,7,2,,G2 Esports,13,8,5,,52:50
Champions Tour 2024: Americas Kickoff,Playoffs,Semifinals,Evil Geniuses vs LOUD,Ascent,Evil Geniuses,13,9,4,,LOUD,7,4,3,,58:24
Champions Tour 2024: Americas Kickoff,Playoffs,Semifinals,Evil Geniuses vs LOUD,Icebox,Evil Geniuses,7,4,3,,LOUD,13,5,8,,47:45
Champions Tour 2024: Americas Kickoff,Playoffs,Semifinals,Evil Geniuses vs LOUD,Sunset,Evil Geniuses,5,4,1,,LOUD,13,5,8,,40:45
Champions Tour 2024: Americas Kickoff,Playoffs,Semifinals,NRG Esports vs Sentinels,Sunset,NRG Esports,14,7,5,2,Sentinels,16,7,5,4,1:17:21
Champions Tour 2024: Americas Kickoff,Playoffs,Semifinals,NRG Esports vs Sentinels,Ascent,NRG Esports,13,8,5,,Sentinels,8,4,4,,53:29
Champions Tour 2024: Americas Kickoff,Playoffs,Semifinals,NRG Esports vs Sentinels,Split,NRG Esports,3,1,2,,Sentinels,13,2,11,,40:57
Champions Tour 2024: Americas Kickoff,Playoffs,Grand Final,LOUD vs Sentinels,Sunset,LOUD,9,4,5,,Sentinels,13,5,8,,1:11:51
Champions Tour 2024: Americas Kickoff,Playoffs,Grand Final,LOUD vs Sentinels,Split,LOUD,3,3,0,,Sentinels,13,4,9,,41:08
Champions Tour 2024: Americas Kickoff,Playoffs,Grand Final,LOUD vs Sentinels,Icebox,LOUD,13,8,5,,Sentinels,11,7,4,,53:28
Champions Tour 2024: Americas Kickoff,Playoffs,Grand Final,LOUD vs Sentinels,Bind,LOUD,13,9,4,,Sentinels,8,5,3,,51:03
Champions Tour 2024: Americas Kickoff,Playoffs,Grand Final,LOUD vs Sentinels,Lotus,LOUD,4,2,2,,Sentinels,13,3,10,,44:02
Champions Tour 2024: China Kickoff,Group Stage,Opening (A),Trace Esports vs TYLOO,Ascent,Trace Esports,13,8,5,,TYLOO,4,0,4,,
Champions Tour 2024: China Kickoff,Group Stage,Opening (A),Trace Esports vs TYLOO,Sunset,Trace Esports,13,11,2,,TYLOO,3,2,1,,
Champions Tour 2024: China Kickoff,Group Stage,Opening (A),FunPlus Phoenix vs Nova Esports,Lotus,FunPlus Phoenix,13,7,6,,Nova Esports,5,0,5,,
Champions Tour 2024: China Kickoff,Group Stage,Opening (A),FunPlus Phoenix vs Nova Esports,Sunset,FunPlus Phoenix,13,7,6,,Nova Esports,10,5,5,,
Champions Tour 2024: China Kickoff,Group Stage,Opening (B),JD Gaming vs Titan Esports Club,Lotus,JD Gaming,8,6,2,,Titan Esports Club,13,7,6,,
Champions Tour 2024: China Kickoff,Group Stage,Opening (B),JD Gaming vs Titan Esports Club,Bind,JD Gaming,14,8,4,2,Titan Esports Club,16,8,4,4,
Champions Tour 2024: China Kickoff,Group Stage,Opening (B),Dragon Ranger Gaming vs All Gamers,Sunset,Dragon Ranger Gaming,13,5,8,,All Gamers,11,4,7,,
Champions Tour 2024: China Kickoff,Group Stage,Opening (B),Dragon Ranger Gaming vs All Gamers,Ascent,Dragon Ranger Gaming,13,9,4,,All Gamers,4,1,3,,
Champions Tour 2024: China Kickoff,Group Stage,Opening (C),Bilibili Gaming vs Wolves Esports,Ascent,Bilibili Gaming,9,3,6,,Wolves Esports,13,4,9,,
Champions Tour 2024: China Kickoff,Group Stage,Opening (C),Bilibili Gaming vs Wolves Esports,Icebox,Bilibili Gaming,7,5,2,,Wolves Esports,13,6,7,,
Champions Tour 2024: China Kickoff,Group Stage,Elimination (A),TYLOO vs Nova Esports,Ascent,TYLOO,11,5,6,,Nova Esports,13,6,7,,
Champions Tour 2024: China Kickoff,Group Stage,Elimination (A),TYLOO vs Nova Esports,Split,TYLOO,11,5,6,,Nova Esports,13,6,7,,
Champions Tour 2024: China Kickoff,Group Stage,Elimination (B),JD Gaming vs All Gamers,Icebox,JD Gaming,13,7,6,,All Gamers,11,6,5,,
Champions Tour 2024: China Kickoff,Group Stage,Elimination (B),JD Gaming vs All Gamers,Sunset,JD Gaming,13,6,7,,All Gamers,8,2,6,,
Champions Tour 2024: China Kickoff,Group Stage,Winner's (A),Trace Esports vs FunPlus Phoenix,Sunset,Trace Esports,11,7,4,,FunPlus Phoenix,13,8,5,,
Champions Tour 2024: China Kickoff,Group Stage,Winner's (A),Trace Esports vs FunPlus Phoenix,Bind,Trace Esports,13,8,5,,FunPlus Phoenix,11,7,4,,
Champions Tour 2024: China Kickoff,Group Stage,Winner's (A),Trace Esports vs FunPlus Phoenix,Lotus,Trace Esports,10,5,5,,FunPlus Phoenix,13,6,7,,
Champions Tour 2024: China Kickoff,Group Stage,Winner's (B),Titan Esports Club vs Dragon Ranger Gaming,Icebox,Titan Esports Club,11,10,1,,Dragon Ranger Gaming,13,11,2,,
Champions Tour 2024: China Kickoff,Group Stage,Winner's (B),Titan Esports Club vs Dragon Ranger Gaming,Split,Titan Esports Club,13,6,7,,Dragon Ranger Gaming,8,2,6,,
Champions Tour 2024: China Kickoff,Group Stage,Winner's (B),Titan Esports Club vs Dragon Ranger Gaming,Bind,Titan Esports Club,10,6,4,,Dragon Ranger Gaming,13,7,6,,
Champions Tour 2024: China Kickoff,Group Stage,Winner's (C),Wolves Esports vs EDward Gaming,Bind,Wolves Esports,10,5,5,,EDward Gaming,13,6,7,,
Champions Tour 2024: China Kickoff,Group Stage,Winner's (C),Wolves Esports vs EDward Gaming,Ascent,Wolves Esports,13,6,7,,EDward Gaming,10,4,6,,
Champions Tour 2024: China Kickoff,Group Stage,Winner's (C),Wolves Esports vs EDward Gaming,Breeze,Wolves Esports,11,7,4,,EDward Gaming,13,8,5,,
Champions Tour 2024: China Kickoff,Group Stage,Decider (A),Trace Esports vs Nova Esports,Split,Trace Esports,13,7,6,,Nova Esports,5,0,5,,
Champions Tour 2024: China Kickoff,Group Stage,Decider (A),Trace Esports vs Nova Esports,Lotus,Trace Esports,13,8,5,,Nova Esports,4,0,4,,
Champions Tour 2024: China Kickoff,Group Stage,Decider (B),Titan Esports Club vs JD Gaming,Bind,Titan Esports Club,5,4,1,,JD Gaming,13,5,8,,
Champions Tour 2024: China Kickoff,Group Stage,Decider (B),Titan Esports Club vs JD Gaming,Icebox,Titan Esports Club,14,7,5,2,JD Gaming,12,7,5,0,
Champions Tour 2024: China Kickoff,Group Stage,Decider (B),Titan Esports Club vs JD Gaming,Lotus,Titan Esports Club,13,6,7,,JD Gaming,10,4,6,,
Champions Tour 2024: China Kickoff,Group Stage,Decider (C),Wolves Esports vs Bilibili Gaming,Sunset,Wolves Esports,9,7,2,,Bilibili Gaming,13,8,5,,
Champions Tour 2024: China Kickoff,Group Stage,Decider (C),Wolves Esports vs Bilibili Gaming,Icebox,Wolves Esports,10,3,7,,Bilibili Gaming,13,4,9,,
Champions Tour 2024: China Kickoff,Play-Ins,Round-Robin,Trace Esports vs Titan Esports Club,Breeze,Trace Esports,16,7,5,4,Titan Esports Club,18,7,5,6,
Champions Tour 2024: China Kickoff,Play-Ins,Round-Robin,Trace Esports vs Titan Esports Club,Lotus,Trace Esports,13,10,3,,Titan Esports Club,6,4,2,,
Champions Tour 2024: China Kickoff,Play-Ins,Round-Robin,Trace Esports vs Titan Esports Club,Split,Trace Esports,13,9,4,,Titan Esports Club,8,5,3,,
Champions Tour 2024: China Kickoff,Play-Ins,Round-Robin,Bilibili Gaming vs Titan Esports Club,Lotus,Bilibili Gaming,13,9,4,,Titan Esports Club,3,0,3,,
Champions Tour 2024: China Kickoff,Play-Ins,Round-Robin,Bilibili Gaming vs Titan Esports Club,Ascent,Bilibili Gaming,13,7,6,,Titan Esports Club,8,3,5,,
Champions Tour 2024: China Kickoff,Play-Ins,Round-Robin,Bilibili Gaming vs Trace Esports,Lotus,Bilibili Gaming,13,9,4,,Trace Esports,11,8,3,,
Champions Tour 2024: China Kickoff,Play-Ins,Round-Robin,Bilibili Gaming vs Trace Esports,Sunset,Bilibili Gaming,13,6,6,1,Trace Esports,15,6,6,3,
Champions Tour 2024: China Kickoff,Play-Ins,Round-Robin,Bilibili Gaming vs Trace Esports,Bind,Bilibili Gaming,12,4,8,0,Trace Esports,14,4,8,2,
Champions Tour 2024: China Kickoff,Playoffs,Semifinals,FunPlus Phoenix vs Dragon Ranger Gaming,Ascent,FunPlus Phoenix,13,8,5,,Dragon Ranger Gaming,10,6,4,,
Champions Tour 2024: China Kickoff,Playoffs,Semifinals,FunPlus Phoenix vs Dragon Ranger Gaming,Breeze,FunPlus Phoenix,13,9,4,,Dragon Ranger Gaming,6,3,3,,
Champions Tour 2024: China Kickoff,Playoffs,Semifinals,EDward Gaming vs Trace Esports,Sunset,EDward Gaming,14,7,5,2,Trace Esports,12,7,5,0,
Champions Tour 2024: China Kickoff,Playoffs,Semifinals,EDward Gaming vs Trace Esports,Bind,EDward Gaming,13,8,5,,Trace Esports,6,2,4,,
Champions Tour 2024: China Kickoff,Playoffs,Grand Final,FunPlus Phoenix vs EDward Gaming,Breeze,FunPlus Phoenix,12,5,7,0,EDward Gaming,14,5,7,2,
Champions Tour 2024: China Kickoff,Playoffs,Grand Final,FunPlus Phoenix vs EDward Gaming,Split,FunPlus Phoenix,6,5,1,,EDward Gaming,13,6,7,,
Champions Tour 2024: China Kickoff,Playoffs,Grand Final,FunPlus Phoenix vs EDward Gaming,Icebox,FunPlus Phoenix,13,6,7,,EDward Gaming,8,2,6,,
Champions Tour 2024: China Kickoff,Playoffs,Grand Final,FunPlus Phoenix vs EDward Gaming,Ascent,FunPlus Phoenix,14,6,6,2,EDward Gaming,16,6,6,4,
Champions Tour 2024: EMEA Kickoff,Group Stage,Opening (A),FUT Esports vs Team Heretics,Lotus,FUT Esports,11,7,4,,Team Heretics,13,8,5,,59:29
Champions Tour 2024: EMEA Kickoff,Group Stage,Opening (A),FUT Esports vs Team Heretics,Bind,FUT Esports,10,5,5,,Team Heretics,13,6,7,,50:07
Champions Tour 2024: EMEA Kickoff,Group Stage,Opening (A),GIANTX vs Karmine Corp,Split,GIANTX,11,6,5,,Karmine Corp,13,7,6,,1:01:38
Champions Tour 2024: EMEA Kickoff,Group Stage,Opening (A),GIANTX vs Karmine Corp,Sunset,GIANTX,13,7,6,,Karmine Corp,10,5,5,,48:18
Champions Tour 2024: EMEA Kickoff,Group Stage,Opening (A),GIANTX vs Karmine Corp,Lotus,GIANTX,4,3,1,,Karmine Corp,13,4,9,,41:04
Champions Tour 2024: EMEA Kickoff,Group Stage,Opening (B),Natus Vincere vs BBL Esports,Bind,Natus Vincere,8,4,4,,BBL Esports,13,5,8,,49:25
Champions Tour 2024: EMEA Kickoff,Group Stage,Opening (B),Natus Vincere vs BBL Esports,Ascent,Natus Vincere,13,6,7,,BBL Esports,6,0,6,,40:33
Champions Tour 2024: EMEA Kickoff,Group Stage,Opening (B),Natus Vincere vs BBL Esports,Breeze,Natus Vincere,13,9,4,,BBL Esports,6,3,3,,38:05
Champions Tour 2024: EMEA Kickoff,Group Stage,Opening (B),Team Liquid vs KOI,Icebox,Team Liquid,13,5,8,,KOI,10,3,7,,55:23
Champions Tour 2024: EMEA Kickoff,Group Stage,Opening (B),Team Liquid vs KOI,Bind,Team Liquid,13,5,8,,KOI,11,4,7,,50:40
Champions Tour 2024: EMEA Kickoff,Group Stage,Opening (C),Team Vitality vs Gentle Mates,Sunset,Team Vitality,13,8,5,,Gentle Mates,10,6,4,,1:02:19
Champions Tour 2024: EMEA Kickoff,Group Stage,Opening (C),Team Vitality vs Gentle Mates,Lotus,Team Vitality,13,7,6,,Gentle Mates,7,2,5,,45:09
Champions Tour 2024: EMEA Kickoff,Group Stage,Winner's (A),Team Heretics vs Karmine Corp,Split,Team Heretics,13,9,4,,Karmine Corp,4,1,3,,47:37
Champions Tour 2024: EMEA Kickoff,Group Stage,Winner's (A),Team Heretics vs Karmine Corp,Lotus,Team Heretics,13,8,5,,Karmine Corp,4,0,4,,42:55
Champions Tour 2024: EMEA Kickoff,Group Stage,Elimination (A),FUT Esports vs GIANTX,Split,FUT Esports,13,8,5,,GIANTX,6,2,4,,43:40
Champions Tour 2024: EMEA Kickoff,Group Stage,Elimination (A),FUT Esports vs GIANTX,Icebox,FUT Esports,8,5,3,,GIANTX,13,6,7,,46:54
Champions Tour 2024: EMEA Kickoff,Group Stage,Elimination (A),FUT Esports vs GIANTX,Sunset,FUT Esports,13,7,6,,GIANTX,7,2,5,,42:03
Champions Tour 2024: EMEA Kickoff,Group Stage,Winner's (B),Natus Vincere vs Team Liquid,Split,Natus Vincere,13,5,8,,Team Liquid,7,0,7,,45:54
Champions Tour 2024: EMEA Kickoff,Group Stage,Winner's (B),Natus Vincere vs Team Liquid,Breeze,Natus Vincere,13,6,7,,Team Liquid,7,1,6,,41:49
Champions Tour 2024: EMEA Kickoff,Group Stage,Elimination (B),BBL Esports vs KOI,Bind,BBL Esports,5,2,3,,KOI,13,3,10,,48:18
Champions Tour 2024: EMEA Kickoff,Group Stage,Elimination (B),BBL Esports vs KOI,Split,BBL Esports,10,6,4,,KOI,13,7,6,,50:52
Champions Tour 2024: EMEA Kickoff,Group Stage,Winner's (C),Team Vitality vs FNATIC,Lotus,Team Vitality,12,4,8,0,FNATIC,14,4,8,2,1:00:13
Champions Tour 2024: EMEA Kickoff,Group Stage,Winner's (C),Team Vitality vs FNATIC,Ascent,Team Vitality,5,5,0,,FNATIC,13,6,7,,41:27
Champions Tour 2024: EMEA Kickoff,Group Stage,Decider (C),Team Vitality vs Gentle Mates,Breeze,Team Vitality,4,2,2,,Gentle Mates,13,3,10,,59:21
Champions Tour 2024: EMEA Kickoff,Group Stage,Decider (C),Team Vitality vs Gentle Mates,Lotus,Team Vitality,15,5,7,3,Gentle Mates,13,5,7,1,1:05:02
Champions Tour 2024: EMEA Kickoff,Group Stage,Decider (C),Team Vitality vs Gentle Mates,Sunset,Team Vitality,13,11,2,,Gentle Mates,3,2,1,,43:26
Champions Tour 2024: EMEA Kickoff,Group Stage,Decider (A),Karmine Corp vs FUT Esports,Lotus,Karmine Corp,20,6,6,8,FUT Esports,18,6,6,6,1:29:33
Champions Tour 2024: EMEA Kickoff,Group Stage,Decider (A),Karmine Corp vs FUT Esports,Bind,Karmine Corp,4,3,1,,FUT Esports,13,4,9,,39:33
Champions Tour 2024: EMEA Kickoff,Group Stage,Decider (A),Karmine Corp vs FUT Esports,Sunset,Karmine Corp,13,10,3,,FUT Esports,7,5,2,,45:00
Champions Tour 2024: EMEA Kickoff,Group Stage,Decider (B),Team Liquid vs KOI,Sunset,Team Liquid,11,7,4,,KOI,13,8,5,,1:01:22
Champions Tour 2024: EMEA Kickoff,Group Stage,Decider (B),Team Liquid vs KOI,Icebox,Team Liquid,14,6,6,2,KOI,12,6,6,0,1:00:48
Champions Tour 2024: EMEA Kickoff,Group Stage,Decider (B),Team Liquid vs KOI,Split,Team Liquid,10,5,5,,KOI,13,6,7,,51:34
Champions Tour 2024: EMEA Kickoff,Play-In Stage,Play-ins,Karmine Corp vs Team Vitality,Sunset,Karmine Corp,13,8,5,,Team Vitality,8,4,4,,1:08:42
Champions Tour 2024: EMEA Kickoff,Play-In Stage,Play-ins,Karmine Corp vs Team Vitality,Ascent,Karmine Corp,15,7,5,3,Team Vitality,13,7,5,1,1:14:01
Champions Tour 2024: EMEA Kickoff,Play-In Stage,Play-ins,KOI vs Team Vitality,Sunset,KOI,9,2,7,,Team Vitality,13,3,10,,56:59
Champions Tour 2024: EMEA Kickoff,Play-In Stage,Play-ins,KOI vs Team Vitality,Breeze,KOI,6,6,0,,Team Vitality,13,7,6,,42:05
Champions Tour 2024: EMEA Kickoff,Play-In Stage,Play-ins,Karmine Corp vs KOI,Sunset,Karmine Corp,13,8,5,,KOI,4,0,4,,51:03
Champions Tour 2024: EMEA Kickoff,Play-In Stage,Play-ins,Karmine Corp vs KOI,Bind,Karmine Corp,13,9,4,,KOI,7,4,3,,44:57
Champions Tour 2024: EMEA Kickoff,Playoffs,Semifinals,Team Heretics vs Natus Vincere,Sunset,Team Heretics,16,4,8,4,Natus Vincere,14,4,8,2,1:24:32
Champions Tour 2024: EMEA Kickoff,Playoffs,Semifinals,Team Heretics vs Natus Vincere,Breeze,Team Heretics,13,10,3,,Natus Vincere,4,2,2,,38:41
Champions Tour 2024: EMEA Kickoff,Playoffs,Semifinals,FNATIC vs Karmine Corp,Lotus,FNATIC,10,4,6,,Karmine Corp,13,5,8,,1:04:42
Champions Tour 2024: EMEA Kickoff,Playoffs,Semifinals,FNATIC vs Karmine Corp,Split,FNATIC,8,5,3,,Karmine Corp,13,6,7,,47:04
Champions Tour 2024: EMEA Kickoff,Playoffs,Grand Final,Team Heretics vs Karmine Corp,Sunset,Team Heretics,13,9,4,,Karmine Corp,9,6,3,,1:07:06
Champions Tour 2024: EMEA Kickoff,Playoffs,Grand Final,Team Heretics vs Karmine Corp,Lotus,Team Heretics,7,1,6,,Karmine Corp,13,2,11,,43:40
Champions Tour 2024: EMEA Kickoff,Playoffs,Grand Final,Team Heretics vs Karmine Corp,Icebox,Team Heretics,7,4,3,,Karmine Corp,13,5,8,,42:55
Champions Tour 2024: EMEA Kickoff,Playoffs,Grand Final,Team Heretics vs Karmine Corp,Split,Team Heretics,5,4,1,,Karmine Corp,13,5,8,,38:24
Champions Tour 2024: Pacific Kickoff,Group Stage,Opening (A),T1 vs BLEED,Breeze,T1,18,6,6,6,BLEED,16,6,6,4,3:22:31
Champions Tour 2024: Pacific Kickoff,Group Stage,Opening (A),T1 vs BLEED,Lotus,T1,13,9,4,,BLEED,6,3,3,,47:45
Champions Tour 2024: Pacific Kickoff,Group Stage,Opening (C),Gen.G vs Rex Regum Qeon,Icebox,Gen.G,13,6,7,,Rex Regum Qeon,11,5,6,,50:50
Champions Tour 2024: Pacific Kickoff,Group Stage,Opening (C),Gen.G vs Rex Regum Qeon,Split,Gen.G,11,2,9,,Rex Regum Qeon,13,3,10,,48:33
Champions Tour 2024: Pacific Kickoff,Group Stage,Opening (C),Gen.G vs Rex Regum Qeon,Sunset,Gen.G,13,8,5,,Rex Regum Qeon,8,4,4,,45:26
Champions Tour 2024: Pacific Kickoff,Group Stage,Opening (A),ZETA DIVISION vs Global Esports,Bind,ZETA DIVISION,13,7,6,,Global Esports,10,5,5,,52:23
Champions Tour 2024: Pacific Kickoff,Group Stage,Opening (A),ZETA DIVISION vs Global Esports,Icebox,ZETA DIVISION,13,6,7,,Global Esports,7,1,6,,43:16
Champions Tour 2024: Pacific Kickoff,Group Stage,Opening (B),Team Secret vs Talon Esports,Breeze,Team Secret,8,3,5,,Talon Esports,13,4,9,,53:43
Champions Tour 2024: Pacific Kickoff,Group Stage,Opening (B),Team Secret vs Talon Esports,Ascent,Team Secret,3,3,0,,Talon Esports,13,4,9,,30:27
Champions Tour 2024: Pacific Kickoff,Group Stage,Opening (B),DRX vs DetonatioN FocusMe,Lotus,DRX,13,7,6,,DetonatioN FocusMe,8,3,5,,1:01:21
Champions Tour 2024: Pacific Kickoff,Group Stage,Opening (B),DRX vs DetonatioN FocusMe,Breeze,DRX,13,8,5,,DetonatioN FocusMe,8,4,4,,44:13
Champions Tour 2024: Pacific Kickoff,Group Stage,Winner's (C),Gen.G vs Paper Rex,Breeze,Gen.G,13,6,7,,Paper Rex,10,4,6,,1:02:09
Champions Tour 2024: Pacific Kickoff,Group Stage,Winner's (C),Gen.G vs Paper Rex,Lotus,Gen.G,10,5,5,,Paper Rex,13,6,7,,49:07
Champions Tour 2024: Pacific Kickoff,Group Stage,Winner's (C),Gen.G vs Paper Rex,Sunset,Gen.G,7,2,5,,Paper Rex,13,3,10,,40:11
Champions Tour 2024: Pacific Kickoff,Group Stage,Elimination (A),BLEED vs Global Esports,Sunset,BLEED,9,5,4,,Global Esports,13,6,7,,58:19
Champions Tour 2024: Pacific Kickoff,Group Stage,Elimination (A),BLEED vs Global Esports,Icebox,BLEED,13,4,9,,Global Esports,10,2,8,,53:56
Champions Tour 2024: Pacific Kickoff,Group Stage,Elimination (A),BLEED vs Global Esports,Split,BLEED,11,4,7,,Global Esports,13,5,8,,55:06
Champions Tour 2024: Pacific Kickoff,Group Stage,Winner's (A),T1 vs ZETA DIVISION,Ascent,T1,11,5,6,,ZETA DIVISION,13,6,7,,1:06:46
Champions Tour 2024: Pacific Kickoff,Group Stage,Winner's (A),T1 vs ZETA DIVISION,Lotus,T1,13,9,4,,ZETA DIVISION,4,1,3,,42:44
Champions Tour 2024: Pacific Kickoff,Group Stage,Winner's (A),T1 vs ZETA DIVISION,Sunset,T1,13,8,5,,ZETA DIVISION,7,3,4,,44:57
Champions Tour 2024: Pacific Kickoff,Group Stage,Elimination (B),DetonatioN FocusMe vs Team Secret,Lotus,DetonatioN FocusMe,7,3,4,,Team Secret,13,4,9,,57:15
Champions Tour 2024: Pacific Kickoff,Group Stage,Elimination (B),DetonatioN FocusMe vs Team Secret,Breeze,DetonatioN FocusMe,11,5,6,,Team Secret,13,6,7,,52:48
Champions Tour 2024: Pacific Kickoff,Group Stage,Winner's (B),DRX vs Talon Esports,Split,DRX,13,8,5,,Talon Esports,10,6,4,,1:00:25
Champions Tour 2024: Pacific Kickoff,Group Stage,Winner's (B),DRX vs Talon Esports,Ascent,DRX,13,6,7,,Talon Esports,8,2,6,,46:12
Champions Tour 2024: Pacific Kickoff,Group Stage,Decider (C),Gen.G vs Rex Regum Qeon,Lotus,Gen.G,13,5,8,,Rex Regum Qeon,7,0,7,,1:06:04
Champions Tour 2024: Pacific Kickoff,Group Stage,Decider (C),Gen.G vs Rex Regum Qeon,Breeze,Gen.G,10,3,7,,Rex Regum Qeon,13,4,9,,53:06
Champions Tour 2024: Pacific Kickoff,Group Stage,Decider (C),Gen.G vs Rex Regum Qeon,Icebox,Gen.G,13,8,5,,Rex Regum Qeon,11,7,4,,50:20
Champions Tour 2024: Pacific Kickoff,Group Stage,Decider (B),Talon Esports vs Team Secret,Breeze,Talon Esports,8,4,4,,Team Secret,13,5,8,,53:46
Champions Tour 2024: Pacific Kickoff,Group Stage,Decider (B),Talon Esports vs Team Secret,Ascent,Talon Esports,7,7,0,,Team Secret,13,8,5,,44:44
Champions Tour 2024: Pacific Kickoff,Group Stage,Decider (A),ZETA DIVISION vs Global Esports,Bind,ZETA DIVISION,13,8,5,,Global Esports,8,4,4,,55:38
Champions Tour 2024: Pacific Kickoff,Group Stage,Decider (A),ZETA DIVISION vs Global Esports,Lotus,ZETA DIVISION,13,9,4,,Global Esports,3,0,3,,36:39
Champions Tour 2024: Pacific Kickoff,Play-Ins,Play-ins,Team Secret vs Gen.G,Breeze,Team Secret,13,8,5,,Gen.G,5,1,4,,52:39
Champions Tour 2024: Pacific Kickoff,Play-Ins,Play-ins,Team Secret vs Gen.G,Lotus,Team Secret,9,8,1,,Gen.G,13,9,4,,53:25
Champions Tour 2024: Pacific Kickoff,Play-Ins,Play-ins,Team Secret vs Gen.G,Icebox,Team Secret,13,4,8,1,Gen.G,15,4,8,3,1:00:12
Champions Tour 2024: Pacific Kickoff,Play-Ins,Play-ins,ZETA DIVISION vs Team Secret,Icebox,ZETA DIVISION,1,1,0,,Team Secret,13,2,11,,36:23
Champions Tour 2024: Pacific Kickoff,Play-Ins,Play-ins,ZETA DIVISION vs Team Secret,Ascent,ZETA DIVISION,8,7,1,,Team Secret,13,8,5,,46:02
Champions Tour 2024: Pacific Kickoff,Play-Ins,Play-ins,Gen.G vs ZETA DIVISION,Icebox,Gen.G,13,8,5,,ZETA DIVISION,6,2,4,,54:35
Champions Tour 2024: Pacific Kickoff,Play-Ins,Play-ins,Gen.G vs ZETA DIVISION,Ascent,Gen.G,13,10,3,,ZETA DIVISION,4,2,2,,39:03
Champions Tour 2024: Pacific Kickoff,Playoffs,Semifinals,T1 vs Paper Rex,Split,T1,14,8,4,2,Paper Rex,16,8,4,4,1:18:27
Champions Tour 2024: Pacific Kickoff,Playoffs,Semifinals,T1 vs Paper Rex,Ascent,T1,6,4,2,,Paper Rex,13,5,8,,41:48
Champions Tour 2024: Pacific Kickoff,Playoffs,Semifinals,DRX vs Gen.G,Bind,DRX,12,7,5,0,Gen.G,14,7,5,2,1:15:25
Champions Tour 2024: Pacific Kickoff,Playoffs,Semifinals,DRX vs Gen.G,Lotus,DRX,8,3,5,,Gen.G,13,4,9,,45:52
Champions Tour 2024: Pacific Kickoff,Playoffs,Grand Final,Paper Rex vs Gen.G,Ascent,Paper Rex,5,5,0,,Gen.G,13,6,7,,57:17
Champions Tour 2024: Pacific Kickoff,Playoffs,Grand Final,Paper Rex vs Gen.G,Split,Paper Rex,13,8,5,,Gen.G,4,0,4,,35:10
Champions Tour 2024: Pacific Kickoff,Playoffs,Grand Final,Paper Rex vs Gen.G,Lotus,Paper Rex,11,7,4,,Gen.G,13,8,5,,49:09
Champions Tour 2024: Pacific Kickoff,Playoffs,Grand Final,Paper Rex vs Gen.G,Bind,Paper Rex,4,4,0,,Gen.G,13,5,8,,31:31
